index,lang_id
1,Setswana
2,isiNdebele
3,Tshivenda
4,siSwati
5,Afrikaans
6,Sepedi
7, English
8,Sesotho
9,isizulu
10, English
11,Sepedi
12,Xitsonga
13,Setswana
14,Sesotho
15,Xitsonga
16,isiXhosa
17,isiXhosa
18,siSwati
19,Afrikaans
20,Tshivenda
21,Afrikaans
22,Tshivenda
23,isizulu
24,Afrikaans
25,Sepedi
26,isizulu
27,Tshivenda
28,Afrikaans
29,Sepedi
30,Xitsonga
31,isizulu
32,isiXhosa
33,Sesotho
34,Sepedi
35,siSwati
36,Afrikaans
37,Sepedi
38,isiXhosa
39,Sesotho
40, English
41,isizulu
42,siSwati
43,Tshivenda
44,isiNdebele
45,Afrikaans
46,Tshivenda
47,isizulu
48,Tshivenda
49,isiNdebele
50,Sepedi
51,Sesotho
52,isiXhosa
53,Sesotho
54,Sesotho
55,isizulu
56,Tshivenda
57,isiNdebele
58,isiXhosa
59,siSwati
60,Sesotho
61,Afrikaans
62,Xitsonga
63,Afrikaans
64,isizulu
65,isiXhosa
66,Tshivenda
67,Sesotho
68,Sepedi
69,Sepedi
70,isizulu
71,Setswana
72,Xitsonga
73,isiXhosa
74,Sepedi
75,Afrikaans
76,Tshivenda
77,isizulu
78,Xitsonga
79,isiXhosa
80,siSwati
81,Setswana
82,Sepedi
83,isiXhosa
84,Setswana
85,Afrikaans
86,Sepedi
87,Sesotho
88,Xitsonga
89,Xitsonga
90,isiXhosa
91,siSwati
92,isiXhosa
93,isizulu
94,Sesotho
95,siSwati
96,Sepedi
97,Afrikaans
98,siSwati
99,Tshivenda
100,isiNdebele
101,Afrikaans
102,Xitsonga
103,Sepedi
104,isizulu
105,Tshivenda
106,Tshivenda
107,Setswana
108,Sepedi
109,Sesotho
110,Sesotho
111,isiXhosa
112,isizulu
113,isiXhosa
114,Xitsonga
115,isizulu
116,Sesotho
117,Afrikaans
118,Setswana
119, English
120, English
121,Sesotho
122, English
123,isiNdebele
124,Xitsonga
125,Sepedi
126,Afrikaans
127,Tshivenda
128,Xitsonga
129,Xitsonga
130,Setswana
131,Xitsonga
132,Tshivenda
133,isizulu
134,Sesotho
135,Setswana
136,siSwati
137,isiXhosa
138,Sesotho
139,siSwati
140,Afrikaans
141,Sesotho
142,Setswana
143,isiNdebele
144,Sepedi
145,isiNdebele
146,Tshivenda
147,Sepedi
148,Sesotho
149,isiXhosa
150,Tshivenda
151,Sepedi
152,isiXhosa
153,isiXhosa
154,Setswana
155,Sesotho
156,Tshivenda
157,Tshivenda
158,Setswana
159, English
160,Sesotho
161,isizulu
162,Xitsonga
163,Sepedi
164,isiXhosa
165,Setswana
166,Sesotho
167,isiXhosa
168,isizulu
169, English
170,isiNdebele
171,isiXhosa
172,Sepedi
173,isiXhosa
174,Afrikaans
175,Xitsonga
176,Sepedi
177,Afrikaans
178,isiXhosa
179,Xitsonga
180,isiXhosa
181,Sesotho
182,Sepedi
183,siSwati
184,siSwati
185,Sesotho
186,Sesotho
187,isizulu
188,isiNdebele
189,isizulu
190,isiNdebele
191,isiXhosa
192,Xitsonga
193,Sesotho
194,Afrikaans
195,isizulu
196,Sepedi
197,Sesotho
198,isiNdebele
199,isiXhosa
200, English
201,Sepedi
202,Afrikaans
203,isiNdebele
204,Tshivenda
205,isiNdebele
206,Afrikaans
207,isiXhosa
208,Tshivenda
209,Setswana
210,siSwati
211,isizulu
212,Xitsonga
213,Afrikaans
214,isiNdebele
215,Tshivenda
216,Afrikaans
217,Afrikaans
218,Xitsonga
219,Afrikaans
220, English
221,Xitsonga
222,Tshivenda
223,Afrikaans
224, English
225, English
226,Setswana
227,Sepedi
228, English
229,isiXhosa
230,Sepedi
231,isiNdebele
232,Tshivenda
233,Tshivenda
234,Sesotho
235,isiXhosa
236,isiXhosa
237,Sesotho
238,Xitsonga
239,Sesotho
240,Sepedi
241,Afrikaans
242,Afrikaans
243,siSwati
244,isiNdebele
245,siSwati
246,Sepedi
247,Sepedi
248,Sepedi
249,isiNdebele
250,siSwati
251,isizulu
252,Sesotho
253,Sesotho
254,Afrikaans
255,isiNdebele
256,isizulu
257,Sepedi
258,Setswana
259, English
260,Setswana
261,isizulu
262, English
263,isiNdebele
264,Sesotho
265,isiNdebele
266,isiXhosa
267,Tshivenda
268,siSwati
269,isizulu
270,Afrikaans
271,Sepedi
272,Afrikaans
273,siSwati
274,Sepedi
275,Tshivenda
276,Sesotho
277,Tshivenda
278,Sepedi
279,Sesotho
280,siSwati
281,isiXhosa
282,Sepedi
283,isizulu
284,isiNdebele
285, English
286,isiNdebele
287,Sepedi
288,isizulu
289,isiXhosa
290,Sesotho
291,Sepedi
292,Sepedi
293,Xitsonga
294,Sepedi
295,Setswana
296,isiXhosa
297,Sepedi
298,Sepedi
299,isizulu
300,Sesotho
301,isizulu
302,Afrikaans
303,isiXhosa
304,Tshivenda
305,Sepedi
306, English
307,Sepedi
308,Sesotho
309,Tshivenda
310,isiXhosa
311,siSwati
312,isizulu
313,Xitsonga
314,isiXhosa
315,Afrikaans
316,Sepedi
317,Afrikaans
318,Sepedi
319,Tshivenda
320,Tshivenda
321,Tshivenda
322,isiXhosa
323,Sesotho
324,Sepedi
325,isiXhosa
326,Afrikaans
327,isiXhosa
328,Setswana
329,Tshivenda
330,Afrikaans
331,isiNdebele
332,isiXhosa
333,siSwati
334,siSwati
335,Sesotho
336,Afrikaans
337,Afrikaans
338,Tshivenda
339,Xitsonga
340,Sesotho
341,Sepedi
342,siSwati
343,isiXhosa
344,Tshivenda
345,Xitsonga
346,Setswana
347,Xitsonga
348,Xitsonga
349,isiXhosa
350,Afrikaans
351,isiXhosa
352,Afrikaans
353,Sepedi
354,Sepedi
355,Sesotho
356,siSwati
357,Tshivenda
358,Sepedi
359,Sepedi
360,isizulu
361,Afrikaans
362,Xitsonga
363,Sepedi
364,Xitsonga
365,Xitsonga
366,isiXhosa
367,isizulu
368,isiXhosa
369, English
370,Afrikaans
371,isiNdebele
372,Afrikaans
373,Tshivenda
374,isiXhosa
375,Tshivenda
376,Setswana
377,Sepedi
378,isizulu
379,Sepedi
380,Sepedi
381,Xitsonga
382,Setswana
383,isiXhosa
384,Setswana
385,Afrikaans
386,Setswana
387,isiXhosa
388,Sesotho
389,isizulu
390,Sesotho
391,Sepedi
392,Afrikaans
393,Tshivenda
394,Sepedi
395,isiNdebele
396,Sepedi
397,isiXhosa
398,Sesotho
399,Afrikaans
400,siSwati
401,Sesotho
402,Xitsonga
403,Sepedi
404,Sepedi
405, English
406,Sepedi
407, English
408,isiNdebele
409,Xitsonga
410,isizulu
411,isiXhosa
412,siSwati
413,Sepedi
414,Sepedi
415,isiXhosa
416,Sepedi
417,isiXhosa
418,Xitsonga
419,Xitsonga
420,Xitsonga
421,Setswana
422,Tshivenda
423,Tshivenda
424,isiXhosa
425,Tshivenda
426,Afrikaans
427,Sesotho
428,isiNdebele
429,isizulu
430,isizulu
431,Sepedi
432,Afrikaans
433,Setswana
434,Setswana
435,Afrikaans
436,Tshivenda
437,Afrikaans
438,Xitsonga
439,isiXhosa
440,Tshivenda
441,Sepedi
442,isiXhosa
443,Sesotho
444,isiXhosa
445,siSwati
446,isiXhosa
447,Xitsonga
448,isizulu
449,Setswana
450,isiNdebele
451,siSwati
452,siSwati
453,Tshivenda
454, English
455,Setswana
456,Tshivenda
457,Setswana
458,Afrikaans
459,Sesotho
460,siSwati
461,Tshivenda
462,Afrikaans
463,isiXhosa
464,Sesotho
465,Tshivenda
466,isiXhosa
467,siSwati
468,isiXhosa
469,isizulu
470,isizulu
471, English
472,isiXhosa
473,Afrikaans
474,Afrikaans
475,Sepedi
476,isiXhosa
477,isiXhosa
478,Sepedi
479,Sesotho
480,Xitsonga
481,isizulu
482,Xitsonga
483,Afrikaans
484,isiNdebele
485,Sepedi
486,siSwati
487, English
488,Tshivenda
489,Sepedi
490,Sepedi
491,Sepedi
492,Sepedi
493,Afrikaans
494,Tshivenda
495,Sepedi
496,Tshivenda
497,Tshivenda
498,Tshivenda
499,isizulu
500,Tshivenda
501,isiNdebele
502,Sepedi
503,isiNdebele
504,Setswana
505,Sepedi
506,Afrikaans
507,Afrikaans
508,Sesotho
509,Afrikaans
510,Afrikaans
511,Afrikaans
512,isiNdebele
513, English
514,Setswana
515,Afrikaans
516,Setswana
517, English
518,Setswana
519,Xitsonga
520,Tshivenda
521,siSwati
522,isiXhosa
523,Tshivenda
524,Setswana
525,Afrikaans
526,Tshivenda
527,isiNdebele
528,isiXhosa
529,Sesotho
530,Sepedi
531,Sepedi
532,Afrikaans
533,Sesotho
534,Setswana
535,Setswana
536,Xitsonga
537,Setswana
538, English
539,Tshivenda
540,isiXhosa
541,isiXhosa
542,isizulu
543,Xitsonga
544, English
545,siSwati
546,Xitsonga
547,isiXhosa
548, English
549,Sepedi
550,Setswana
551,Setswana
552, English
553,isizulu
554,isiXhosa
555,Tshivenda
556, English
557,Sesotho
558,Tshivenda
559,Afrikaans
560,isiNdebele
561,Setswana
562,isiXhosa
563,Afrikaans
564,isizulu
565,siSwati
566,isiXhosa
567,isiXhosa
568,Setswana
569,Afrikaans
570,Afrikaans
571, English
572,Setswana
573,Sesotho
574,siSwati
575,Setswana
576,Setswana
577,isiNdebele
578,isiNdebele
579,Afrikaans
580,Tshivenda
581,isiXhosa
582,Sesotho
583,isiXhosa
584,Tshivenda
585,Afrikaans
586,Tshivenda
587, English
588, English
589,Afrikaans
590,Afrikaans
591,isiXhosa
592,Sesotho
593,Tshivenda
594,Afrikaans
595,Sepedi
596,Tshivenda
597,siSwati
598,Tshivenda
599,Tshivenda
600,Afrikaans
601,isizulu
602,Afrikaans
603,Sepedi
604,Sepedi
605,Xitsonga
606,Tshivenda
607,Sepedi
608,Afrikaans
609,Afrikaans
610,Tshivenda
611,Setswana
612,Sesotho
613,siSwati
614,isiXhosa
615,Afrikaans
616,Xitsonga
617,Setswana
618,Tshivenda
619,isiNdebele
620,Xitsonga
621,Xitsonga
622,isiNdebele
623,isiXhosa
624,isiXhosa
625,Sepedi
626,isizulu
627,isiXhosa
628,Tshivenda
629,Tshivenda
630,isizulu
631,Sepedi
632,isiXhosa
633,siSwati
634,Sesotho
635,Afrikaans
636,isiXhosa
637,isiNdebele
638, English
639,Sesotho
640,Setswana
641,Tshivenda
642,Xitsonga
643,Setswana
644,Xitsonga
645,Setswana
646,Afrikaans
647,isiXhosa
648,Afrikaans
649,Xitsonga
650,Sesotho
651,Afrikaans
652,Setswana
653,Tshivenda
654,Sepedi
655,Tshivenda
656,Afrikaans
657,Sesotho
658,Sesotho
659,Sesotho
660,isizulu
661,isiXhosa
662,Afrikaans
663,Setswana
664,Xitsonga
665,Tshivenda
666,isiNdebele
667,Sesotho
668,isiXhosa
669,Sesotho
670,isiNdebele
671,Sepedi
672,Afrikaans
673,Xitsonga
674,Setswana
675,isiXhosa
676,isiNdebele
677,Afrikaans
678,Afrikaans
679,Setswana
680,Sepedi
681,isiXhosa
682,isiXhosa
683,siSwati
684,Setswana
685,Sesotho
686,isiXhosa
687,isiNdebele
688,Afrikaans
689,Sepedi
690,Afrikaans
691, English
692,Afrikaans
693,Sepedi
694,Afrikaans
695,siSwati
696,isizulu
697,Xitsonga
698,Sepedi
699,Sepedi
700,Tshivenda
701,Sesotho
702,Xitsonga
703,Sepedi
704,isiXhosa
705,Sesotho
706,Setswana
707,isiXhosa
708,Sepedi
709,Setswana
710,Sepedi
711,Sesotho
712,Setswana
713,isiNdebele
714,Xitsonga
715,Tshivenda
716,Sesotho
717,Xitsonga
718,Xitsonga
719,Afrikaans
720, English
721,Tshivenda
722,Afrikaans
723,isiXhosa
724,Sesotho
725,isiNdebele
726, English
727,Sepedi
728,isiNdebele
729,Sesotho
730, English
731,isiXhosa
732,Sesotho
733,Sesotho
734,Setswana
735, English
736,Afrikaans
737,siSwati
738, English
739,Afrikaans
740,Tshivenda
741,Afrikaans
742,Sesotho
743,Sesotho
744,Setswana
745, English
746,Setswana
747,Tshivenda
748,Xitsonga
749,Tshivenda
750,isizulu
751,siSwati
752,Afrikaans
753,isiXhosa
754,Setswana
755, English
756,Sepedi
757,isiNdebele
758,Xitsonga
759,Xitsonga
760,siSwati
761,Afrikaans
762,Setswana
763,Sepedi
764,Tshivenda
765,isiXhosa
766,Sepedi
767,Sepedi
768,Sepedi
769,Sesotho
770,Tshivenda
771, English
772,Setswana
773,Tshivenda
774,Afrikaans
775, English
776,Xitsonga
777,Setswana
778,siSwati
779,Afrikaans
780,Setswana
781,isiNdebele
782,isizulu
783,Afrikaans
784,Sepedi
785,Sesotho
786,Afrikaans
787,isiXhosa
788,Sepedi
789,Sepedi
790,Xitsonga
791,isizulu
792,isiXhosa
793,isiNdebele
794,Xitsonga
795, English
796,isiXhosa
797,Setswana
798,isiXhosa
799,Setswana
800,siSwati
801,Afrikaans
802,Afrikaans
803,Sepedi
804,Sepedi
805,isiXhosa
806,Xitsonga
807,Setswana
808,Afrikaans
809,isizulu
810,isiXhosa
811, English
812,Sepedi
813,isizulu
814,Tshivenda
815,isiNdebele
816,Sepedi
817,isiXhosa
818,Setswana
819,Afrikaans
820,isiNdebele
821,Afrikaans
822,Tshivenda
823,Sepedi
824, English
825,Sepedi
826,Sesotho
827,Tshivenda
828,Sepedi
829,Tshivenda
830,Afrikaans
831,Sepedi
832,isiXhosa
833,siSwati
834,siSwati
835, English
836,Sepedi
837,Afrikaans
838,Afrikaans
839,Setswana
840,Sepedi
841, English
842,Tshivenda
843, English
844,Setswana
845,Setswana
846,Tshivenda
847,Tshivenda
848,isiXhosa
849,Sesotho
850,Tshivenda
851,Setswana
852,isizulu
853,Tshivenda
854,isiXhosa
855,Tshivenda
856,Sesotho
857,Afrikaans
858,isiNdebele
859,isiXhosa
860,Afrikaans
861,isiNdebele
862,Setswana
863,Tshivenda
864,Setswana
865,isiXhosa
866,isiXhosa
867,siSwati
868,Afrikaans
869,Sepedi
870,Tshivenda
871,Setswana
872,isiNdebele
873,Tshivenda
874,Xitsonga
875,Sepedi
876,Sesotho
877,isiXhosa
878,Afrikaans
879,isiXhosa
880,isiXhosa
881,Afrikaans
882,Afrikaans
883,Tshivenda
884,Sepedi
885,isiXhosa
886,isiNdebele
887,isiXhosa
888,Sepedi
889,Afrikaans
890,Afrikaans
891,Sesotho
892,Setswana
893,Xitsonga
894,Setswana
895,Afrikaans
896,Sesotho
897,Tshivenda
898,isiXhosa
899, English
900,Sesotho
901,isizulu
902,isiXhosa
903,isiXhosa
904, English
905,Sesotho
906,Tshivenda
907,isiXhosa
908,isiXhosa
909, English
910,Tshivenda
911,isiNdebele
912, English
913,Afrikaans
914,Sepedi
915,Sepedi
916,Setswana
917,Tshivenda
918,siSwati
919,Sepedi
920,Tshivenda
921,Sesotho
922,Afrikaans
923,Tshivenda
924,Afrikaans
925,Sesotho
926,Tshivenda
927,Sesotho
928,Sepedi
929,Afrikaans
930,isiXhosa
931, English
932,Xitsonga
933,Tshivenda
934,Setswana
935,Xitsonga
936,isiXhosa
937,isiNdebele
938,Sesotho
939,Sepedi
940,Xitsonga
941,Afrikaans
942,Setswana
943,Xitsonga
944,Setswana
945,Sepedi
946,Afrikaans
947,Tshivenda
948,Sepedi
949,Tshivenda
950,Setswana
951,siSwati
952,Tshivenda
953,Sesotho
954,isizulu
955, English
956,Sesotho
957,isiXhosa
958,siSwati
959,Tshivenda
960,siSwati
961,Sepedi
962,Xitsonga
963,siSwati
964,Xitsonga
965,Afrikaans
966,Setswana
967,Afrikaans
968,Xitsonga
969,Setswana
970,isizulu
971,Afrikaans
972,Tshivenda
973,Sepedi
974,isizulu
975,Sesotho
976,Sepedi
977,Sepedi
978,siSwati
979,Setswana
980,isiXhosa
981,Xitsonga
982,isiXhosa
983,Afrikaans
984,Afrikaans
985, English
986,siSwati
987,Tshivenda
988,isiNdebele
989,Afrikaans
990,Tshivenda
991,isiNdebele
992,isiXhosa
993,Setswana
994,Tshivenda
995,Afrikaans
996,Tshivenda
997,Sepedi
998,Afrikaans
999,siSwati
1000,Afrikaans
1001,isiXhosa
1002,Xitsonga
1003,Setswana
1004,Sesotho
1005,Afrikaans
1006,isiXhosa
1007,Sesotho
1008,siSwati
1009,isizulu
1010,isiXhosa
1011,isiXhosa
1012,Setswana
1013,Tshivenda
1014,isiXhosa
1015,Afrikaans
1016,Setswana
1017,Sesotho
1018,Afrikaans
1019,isiXhosa
1020,Xitsonga
1021,Setswana
1022,Sepedi
1023,Afrikaans
1024,Xitsonga
1025,isiNdebele
1026,Afrikaans
1027,Sesotho
1028,Afrikaans
1029,siSwati
1030,isiXhosa
1031,siSwati
1032,Sesotho
1033,isiXhosa
1034,Xitsonga
1035,Sesotho
1036,Sepedi
1037,Xitsonga
1038,Sepedi
1039,Sepedi
1040,Afrikaans
1041,Xitsonga
1042,Afrikaans
1043,siSwati
1044,Sepedi
1045,Xitsonga
1046,Afrikaans
1047,isiXhosa
1048, English
1049,Sesotho
1050,siSwati
1051,isizulu
1052,Sepedi
1053,Sepedi
1054,Setswana
1055,Sepedi
1056, English
1057,Sesotho
1058,Sesotho
1059,Setswana
1060,siSwati
1061, English
1062,isiXhosa
1063,isiXhosa
1064,Sepedi
1065,Setswana
1066,isizulu
1067,Xitsonga
1068,siSwati
1069,isiNdebele
1070,Setswana
1071,Setswana
1072,Sesotho
1073,Xitsonga
1074, English
1075,Setswana
1076,Sesotho
1077,isizulu
1078,Tshivenda
1079,Afrikaans
1080,Sesotho
1081,isiNdebele
1082,Tshivenda
1083,isiXhosa
1084,Setswana
1085,isizulu
1086,Sesotho
1087,Tshivenda
1088,Setswana
1089,Sepedi
1090,Tshivenda
1091,Xitsonga
1092,isizulu
1093,Tshivenda
1094,Xitsonga
1095,isiXhosa
1096,isiXhosa
1097,Tshivenda
1098,Xitsonga
1099,Afrikaans
1100,Sesotho
1101,isiXhosa
1102,isizulu
1103,isizulu
1104,Sesotho
1105,Sepedi
1106,isiXhosa
1107,Sepedi
1108,Sepedi
1109,Tshivenda
1110,Tshivenda
1111,isiXhosa
1112,isiNdebele
1113,Xitsonga
1114,Xitsonga
1115,Afrikaans
1116,Afrikaans
1117,Afrikaans
1118,Xitsonga
1119,Setswana
1120,Tshivenda
1121,Sepedi
1122,Setswana
1123,Sepedi
1124,Afrikaans
1125,Setswana
1126,Xitsonga
1127,Tshivenda
1128,Xitsonga
1129,Afrikaans
1130,Xitsonga
1131,Sesotho
1132,Afrikaans
1133,Afrikaans
1134,isizulu
1135,Setswana
1136,isiXhosa
1137,Setswana
1138,isizulu
1139,Tshivenda
1140, English
1141,Xitsonga
1142,Afrikaans
1143,isizulu
1144,Xitsonga
1145,Xitsonga
1146,Tshivenda
1147,Tshivenda
1148,Setswana
1149,Sepedi
1150,Setswana
1151,Tshivenda
1152,siSwati
1153,Sepedi
1154,isiXhosa
1155,Setswana
1156,isiXhosa
1157,Sesotho
1158,Sepedi
1159,Xitsonga
1160,Afrikaans
1161,Sesotho
1162,isiXhosa
1163,siSwati
1164,Xitsonga
1165, English
1166,isiXhosa
1167,isiXhosa
1168,isiNdebele
1169,Xitsonga
1170,isiXhosa
1171,Setswana
1172,Setswana
1173, English
1174,isiNdebele
1175, English
1176,siSwati
1177,Sepedi
1178,isiNdebele
1179, English
1180,isizulu
1181,Tshivenda
1182,Sepedi
1183,Sepedi
1184,Sepedi
1185,Sepedi
1186,Afrikaans
1187,Tshivenda
1188,Sesotho
1189,Sepedi
1190,Sepedi
1191,Sepedi
1192,Tshivenda
1193, English
1194,isiXhosa
1195,Sepedi
1196,Afrikaans
1197,isizulu
1198,Sesotho
1199,isizulu
1200,isizulu
1201,Xitsonga
1202,Xitsonga
1203,Sepedi
1204,isiXhosa
1205,Sepedi
1206,Afrikaans
1207,isiXhosa
1208,Setswana
1209,Sepedi
1210,Afrikaans
1211,Setswana
1212,Sepedi
1213,isiXhosa
1214,Sepedi
1215, English
1216,isiXhosa
1217,Afrikaans
1218,siSwati
1219,siSwati
1220,Afrikaans
1221,Xitsonga
1222,Sepedi
1223,Afrikaans
1224,isizulu
1225,siSwati
1226,isizulu
1227,Xitsonga
1228,isiNdebele
1229, English
1230,isiNdebele
1231,siSwati
1232,isiXhosa
1233,Tshivenda
1234,Setswana
1235,Sesotho
1236,Tshivenda
1237,Afrikaans
1238,Afrikaans
1239,isizulu
1240,Sesotho
1241,Afrikaans
1242,siSwati
1243,Afrikaans
1244,Afrikaans
1245,siSwati
1246,Sesotho
1247, English
1248,Sesotho
1249,Tshivenda
1250,Sepedi
1251,siSwati
1252,isizulu
1253,Sepedi
1254,Xitsonga
1255,Sepedi
1256,Tshivenda
1257,Sepedi
1258,Sesotho
1259,isiXhosa
1260,siSwati
1261,Afrikaans
1262,Setswana
1263,siSwati
1264,Setswana
1265,Afrikaans
1266,isiNdebele
1267,Xitsonga
1268,Sepedi
1269,isiNdebele
1270,Tshivenda
1271,isizulu
1272,Sepedi
1273,Tshivenda
1274,Afrikaans
1275,siSwati
1276,Afrikaans
1277,isiXhosa
1278,isiXhosa
1279, English
1280,Xitsonga
1281,isiXhosa
1282, English
1283,isiNdebele
1284,Tshivenda
1285,Afrikaans
1286,Setswana
1287,Sepedi
1288,isiNdebele
1289,Sesotho
1290,Afrikaans
1291,Afrikaans
1292,Afrikaans
1293,isiXhosa
1294,Tshivenda
1295,Afrikaans
1296,Tshivenda
1297,isiXhosa
1298,Sesotho
1299,Setswana
1300,Sepedi
1301,isiNdebele
1302,siSwati
1303, English
1304,Tshivenda
1305,Sesotho
1306,Sepedi
1307,Afrikaans
1308,siSwati
1309,Afrikaans
1310,Sesotho
1311,Sepedi
1312,isiXhosa
1313,Sepedi
1314,isizulu
1315,Xitsonga
1316,isiNdebele
1317,Setswana
1318,isiNdebele
1319,Sepedi
1320,Sesotho
1321,Afrikaans
1322,Sepedi
1323,Afrikaans
1324,Tshivenda
1325,Sesotho
1326,Afrikaans
1327,Afrikaans
1328,Xitsonga
1329,Sesotho
1330,Setswana
1331,siSwati
1332,isizulu
1333,Xitsonga
1334,Tshivenda
1335,siSwati
1336,Setswana
1337,Xitsonga
1338,Sesotho
1339,Afrikaans
1340,Sepedi
1341,Tshivenda
1342,Sesotho
1343,Sepedi
1344,Sepedi
1345,Setswana
1346,isiNdebele
1347,Setswana
1348,Sepedi
1349,Sepedi
1350,Xitsonga
1351,Xitsonga
1352,isiXhosa
1353,Sesotho
1354,Tshivenda
1355,Tshivenda
1356,isiXhosa
1357,isiNdebele
1358,Sesotho
1359,isizulu
1360,isiXhosa
1361,isiXhosa
1362,isiXhosa
1363,Setswana
1364,Afrikaans
1365,Sesotho
1366,Tshivenda
1367,Sepedi
1368,Xitsonga
1369,Xitsonga
1370,Sepedi
1371, English
1372,Tshivenda
1373,isiXhosa
1374,isiXhosa
1375,Afrikaans
1376,Tshivenda
1377,isiXhosa
1378,Sepedi
1379,Sesotho
1380,isiNdebele
1381,Tshivenda
1382,Setswana
1383,Tshivenda
1384,Setswana
1385,Setswana
1386,isiXhosa
1387,Tshivenda
1388,Tshivenda
1389,Setswana
1390,Afrikaans
1391,siSwati
1392,Afrikaans
1393,Tshivenda
1394,Xitsonga
1395,Sepedi
1396,Setswana
1397,Sepedi
1398,Xitsonga
1399,Setswana
1400,Sepedi
1401,isizulu
1402,Sepedi
1403,Afrikaans
1404,Afrikaans
1405,Setswana
1406,Sepedi
1407,Sesotho
1408,Sepedi
1409,Xitsonga
1410,Afrikaans
1411,isizulu
1412,Sepedi
1413,Xitsonga
1414,Sesotho
1415,Afrikaans
1416,Xitsonga
1417,Sepedi
1418,Sepedi
1419,isizulu
1420,Sepedi
1421,Setswana
1422,Setswana
1423,Afrikaans
1424,Setswana
1425,Tshivenda
1426,isiXhosa
1427,Setswana
1428,Tshivenda
1429,Sepedi
1430,isiXhosa
1431,Afrikaans
1432,Tshivenda
1433,Xitsonga
1434,Setswana
1435,Xitsonga
1436,isiNdebele
1437,isiNdebele
1438,Sepedi
1439,Tshivenda
1440,Sepedi
1441,siSwati
1442,isizulu
1443,siSwati
1444,Sepedi
1445, English
1446,Afrikaans
1447,Afrikaans
1448,Sesotho
1449,isiXhosa
1450,Afrikaans
1451,Tshivenda
1452,Tshivenda
1453,Setswana
1454,Tshivenda
1455,Sepedi
1456,isizulu
1457, English
1458,Tshivenda
1459,Afrikaans
1460,isizulu
1461,isiXhosa
1462,Afrikaans
1463,isizulu
1464,Tshivenda
1465, English
1466,siSwati
1467,Afrikaans
1468,Setswana
1469, English
1470,isiXhosa
1471,isiXhosa
1472,Afrikaans
1473,isizulu
1474,Xitsonga
1475,isiNdebele
1476,Sesotho
1477,Sepedi
1478,Tshivenda
1479,Afrikaans
1480,isiXhosa
1481,Afrikaans
1482,Afrikaans
1483,Afrikaans
1484,isiNdebele
1485,Sesotho
1486,Sesotho
1487,Xitsonga
1488,isizulu
1489,Afrikaans
1490,Sepedi
1491, English
1492,siSwati
1493,Setswana
1494,isiXhosa
1495,Tshivenda
1496,isiXhosa
1497,Sesotho
1498,Afrikaans
1499, English
1500,Tshivenda
1501, English
1502,siSwati
1503,siSwati
1504,Sepedi
1505,Sepedi
1506,Tshivenda
1507,siSwati
1508,Tshivenda
1509,Sesotho
1510,Setswana
1511,Tshivenda
1512,isizulu
1513,Tshivenda
1514,siSwati
1515, English
1516,isiXhosa
1517,isiXhosa
1518,Setswana
1519,Tshivenda
1520,Sesotho
1521,Xitsonga
1522,Sesotho
1523,Afrikaans
1524, English
1525,Xitsonga
1526,Sesotho
1527,isizulu
1528,Setswana
1529, English
1530,Afrikaans
1531,siSwati
1532,siSwati
1533, English
1534,Setswana
1535,Tshivenda
1536,Sesotho
1537,Sepedi
1538,Afrikaans
1539,Xitsonga
1540,Sesotho
1541,Tshivenda
1542,isiNdebele
1543,siSwati
1544,isizulu
1545,Setswana
1546,isiXhosa
1547,Afrikaans
1548,Afrikaans
1549,Setswana
1550,Tshivenda
1551,Sesotho
1552, English
1553,Tshivenda
1554,Sesotho
1555,Tshivenda
1556,isiXhosa
1557,isiXhosa
1558,isizulu
1559,Setswana
1560,isiXhosa
1561,isiNdebele
1562,Setswana
1563,Tshivenda
1564,Setswana
1565,Tshivenda
1566,siSwati
1567,Xitsonga
1568,siSwati
1569,Sepedi
1570,isiXhosa
1571,Sesotho
1572,isiXhosa
1573,siSwati
1574,Sepedi
1575,Tshivenda
1576,isizulu
1577,isiXhosa
1578,Afrikaans
1579,siSwati
1580,isiNdebele
1581, English
1582,Sepedi
1583,Afrikaans
1584,isizulu
1585,Setswana
1586,isizulu
1587,Setswana
1588,Tshivenda
1589,isizulu
1590,Sesotho
1591, English
1592,Sepedi
1593,Sepedi
1594,isiXhosa
1595,siSwati
1596,Sepedi
1597,isiNdebele
1598,isizulu
1599,Setswana
1600,isizulu
1601,isiXhosa
1602,isizulu
1603,isizulu
1604,isiXhosa
1605,Setswana
1606,siSwati
1607,Xitsonga
1608,isizulu
1609,Setswana
1610,isiNdebele
1611,Tshivenda
1612,isizulu
1613,Sepedi
1614,isizulu
1615,Sepedi
1616,Sesotho
1617,Xitsonga
1618,isizulu
1619,isizulu
1620,isiNdebele
1621,Sepedi
1622,Afrikaans
1623, English
1624,Tshivenda
1625,isizulu
1626,Xitsonga
1627,isizulu
1628,siSwati
1629,Afrikaans
1630,isiXhosa
1631, English
1632,isiXhosa
1633,isiNdebele
1634,isiXhosa
1635,Sesotho
1636,isizulu
1637,Tshivenda
1638,isizulu
1639,Sesotho
1640,Afrikaans
1641,isiNdebele
1642,Xitsonga
1643, English
1644,Afrikaans
1645,Tshivenda
1646,Xitsonga
1647,Sepedi
1648,isiXhosa
1649,siSwati
1650,siSwati
1651,Xitsonga
1652,Sepedi
1653,isiXhosa
1654,Sepedi
1655,Tshivenda
1656,Setswana
1657,Xitsonga
1658,Afrikaans
1659,Afrikaans
1660,isizulu
1661,Xitsonga
1662,Afrikaans
1663,isiNdebele
1664,Sesotho
1665,isiNdebele
1666,Setswana
1667,Afrikaans
1668,isiNdebele
1669,Sepedi
1670,Sesotho
1671,Afrikaans
1672,isiXhosa
1673,Tshivenda
1674,Tshivenda
1675,Afrikaans
1676,isizulu
1677,Afrikaans
1678,Sepedi
1679,Tshivenda
1680,Setswana
1681,Xitsonga
1682,Sesotho
1683,Afrikaans
1684,Tshivenda
1685,Sesotho
1686,Sesotho
1687,Tshivenda
1688,Sepedi
1689,Afrikaans
1690,siSwati
1691,Afrikaans
1692,isizulu
1693,Xitsonga
1694,Sesotho
1695,Sesotho
1696,Afrikaans
1697,isiNdebele
1698,isiNdebele
1699,Xitsonga
1700,Setswana
1701,isiXhosa
1702,Tshivenda
1703,isiXhosa
1704,Setswana
1705,Sepedi
1706,isizulu
1707,Sesotho
1708,isizulu
1709,siSwati
1710,Afrikaans
1711,siSwati
1712,Afrikaans
1713,Setswana
1714,siSwati
1715,Tshivenda
1716,Afrikaans
1717,Setswana
1718,isiNdebele
1719,isizulu
1720,Sepedi
1721,isiXhosa
1722,Tshivenda
1723,Setswana
1724,Tshivenda
1725,Sesotho
1726,Tshivenda
1727,Sepedi
1728,isizulu
1729,Tshivenda
1730,isiNdebele
1731,Tshivenda
1732,Afrikaans
1733, English
1734, English
1735,Setswana
1736, English
1737,Tshivenda
1738,isiXhosa
1739,Tshivenda
1740,Tshivenda
1741,isiXhosa
1742,isiXhosa
1743,Tshivenda
1744,Sesotho
1745,Sesotho
1746,Setswana
1747,Sesotho
1748,siSwati
1749,Sepedi
1750,Sepedi
1751,Setswana
1752,isizulu
1753,Xitsonga
1754,Afrikaans
1755,Tshivenda
1756,Tshivenda
1757,Tshivenda
1758,Xitsonga
1759,Afrikaans
1760,Sepedi
1761,Setswana
1762,siSwati
1763,isiXhosa
1764,Sepedi
1765,siSwati
1766,Afrikaans
1767,Afrikaans
1768,isiNdebele
1769, English
1770,isizulu
1771,Sesotho
1772,Sesotho
1773,Tshivenda
1774,isiNdebele
1775,siSwati
1776,Xitsonga
1777,Tshivenda
1778,Xitsonga
1779,Sesotho
1780,isizulu
1781,Xitsonga
1782,Tshivenda
1783,Sepedi
1784,Sepedi
1785,Xitsonga
1786, English
1787,isiNdebele
1788,isiXhosa
1789,Setswana
1790,isiXhosa
1791,Afrikaans
1792,Setswana
1793,Setswana
1794,Setswana
1795,siSwati
1796,isizulu
1797,Setswana
1798,isiXhosa
1799,isizulu
1800, English
1801,isizulu
1802,Xitsonga
1803,Sepedi
1804,Sesotho
1805,Sesotho
1806,isiNdebele
1807,Tshivenda
1808,Setswana
1809,isiNdebele
1810,Tshivenda
1811,Tshivenda
1812,siSwati
1813,siSwati
1814,Tshivenda
1815,Sesotho
1816,Xitsonga
1817,isiXhosa
1818,Sepedi
1819,isiNdebele
1820,isiXhosa
1821,Afrikaans
1822,isiNdebele
1823,Afrikaans
1824,Setswana
1825,Afrikaans
1826,Afrikaans
1827,Setswana
1828,isiXhosa
1829,siSwati
1830,Afrikaans
1831,Xitsonga
1832,Xitsonga
1833,Sesotho
1834,Setswana
1835,isizulu
1836,siSwati
1837,Tshivenda
1838,Setswana
1839,Afrikaans
1840,Xitsonga
1841,isiXhosa
1842,Sepedi
1843,isiNdebele
1844,Afrikaans
1845,isiXhosa
1846,isiNdebele
1847,Tshivenda
1848,Sepedi
1849,Sepedi
1850,siSwati
1851,Sepedi
1852,Sepedi
1853,Afrikaans
1854,Sepedi
1855,Sesotho
1856,Afrikaans
1857,Xitsonga
1858, English
1859,Sepedi
1860,Sesotho
1861,isiNdebele
1862,isiNdebele
1863,siSwati
1864,siSwati
1865, English
1866,Tshivenda
1867,isiNdebele
1868,isiXhosa
1869,isizulu
1870, English
1871,isizulu
1872,Sesotho
1873,isiNdebele
1874,Tshivenda
1875,Xitsonga
1876,Setswana
1877,Tshivenda
1878,Afrikaans
1879,isiXhosa
1880,Xitsonga
1881,Sesotho
1882,Tshivenda
1883,Sepedi
1884,Tshivenda
1885,Tshivenda
1886,Sesotho
1887,Sesotho
1888,Sepedi
1889,Sesotho
1890,Tshivenda
1891,Sepedi
1892, English
1893,isiNdebele
1894,isiNdebele
1895,Afrikaans
1896,Tshivenda
1897,Sesotho
1898,Tshivenda
1899,Sepedi
1900,Sesotho
1901,isiXhosa
1902,Tshivenda
1903,Setswana
1904,Sepedi
1905,Setswana
1906,Setswana
1907,Setswana
1908,Tshivenda
1909,Sepedi
1910,Sepedi
1911,Sepedi
1912,Tshivenda
1913,Afrikaans
1914,Afrikaans
1915,Afrikaans
1916,isiXhosa
1917,siSwati
1918,isiNdebele
1919,Xitsonga
1920,Setswana
1921,Sepedi
1922,Sepedi
1923,Sesotho
1924,isizulu
1925,isiXhosa
1926,Sesotho
1927,Tshivenda
1928,Afrikaans
1929,Tshivenda
1930,Sesotho
1931,Setswana
1932,Sesotho
1933,Tshivenda
1934,isiXhosa
1935,isizulu
1936,Setswana
1937,isiXhosa
1938,Sepedi
1939,Afrikaans
1940,Afrikaans
1941,isiXhosa
1942,Setswana
1943,isiNdebele
1944,isizulu
1945,isizulu
1946,Tshivenda
1947,Sepedi
1948,isizulu
1949,isiXhosa
1950,Sepedi
1951,Afrikaans
1952,Sepedi
1953,Sepedi
1954,Setswana
1955,isiNdebele
1956,siSwati
1957,isiNdebele
1958,Tshivenda
1959,Setswana
1960,Afrikaans
1961,Tshivenda
1962,Afrikaans
1963,Xitsonga
1964,siSwati
1965,siSwati
1966,siSwati
1967,siSwati
1968,Sepedi
1969,Setswana
1970,Afrikaans
1971,isiXhosa
1972,Sesotho
1973,siSwati
1974,isizulu
1975,Setswana
1976,Sepedi
1977,isiXhosa
1978,Afrikaans
1979,Sepedi
1980,Sesotho
1981,Sepedi
1982,Setswana
1983,Sepedi
1984,Setswana
1985,siSwati
1986,Xitsonga
1987,Sepedi
1988,isiXhosa
1989,Sesotho
1990,Xitsonga
1991,siSwati
1992,Xitsonga
1993,Xitsonga
1994,Sepedi
1995,Tshivenda
1996,Tshivenda
1997,isizulu
1998, English
1999,isiXhosa
2000,isiXhosa
2001,Tshivenda
2002,Tshivenda
2003,Sepedi
2004,isiXhosa
2005,Tshivenda
2006,Afrikaans
2007,Xitsonga
2008,isiXhosa
2009,Sesotho
2010,Setswana
2011,siSwati
2012,isizulu
2013,Tshivenda
2014,Afrikaans
2015,isizulu
2016,Sepedi
2017,isiXhosa
2018,Afrikaans
2019,Setswana
2020,isizulu
2021,Sesotho
2022,Setswana
2023,Xitsonga
2024,isiNdebele
2025,Afrikaans
2026,isiXhosa
2027,Sepedi
2028,Sepedi
2029,isiXhosa
2030,Xitsonga
2031,Sepedi
2032,isiXhosa
2033,Tshivenda
2034,Tshivenda
2035,Setswana
2036,Xitsonga
2037,Sesotho
2038,Xitsonga
2039,isiXhosa
2040,Sesotho
2041,Afrikaans
2042,Sepedi
2043,Sepedi
2044,isizulu
2045,Sepedi
2046,Sepedi
2047,Sesotho
2048,Sepedi
2049,Afrikaans
2050,Afrikaans
2051,siSwati
2052, English
2053,Setswana
2054,Setswana
2055,Sepedi
2056,Afrikaans
2057, English
2058,Sepedi
2059,Xitsonga
2060,Afrikaans
2061,Xitsonga
2062,isiXhosa
2063,Xitsonga
2064,isizulu
2065, English
2066,Afrikaans
2067,Tshivenda
2068,Setswana
2069,isiXhosa
2070,isiXhosa
2071,Sepedi
2072,Sepedi
2073,Sesotho
2074,Sepedi
2075,Tshivenda
2076, English
2077,Afrikaans
2078,Tshivenda
2079,isizulu
2080, English
2081,Afrikaans
2082,Sesotho
2083,Afrikaans
2084, English
2085,isiXhosa
2086,isiNdebele
2087,Sesotho
2088,Setswana
2089,Sesotho
2090,siSwati
2091,isiNdebele
2092,Sesotho
2093,Tshivenda
2094,isiNdebele
2095,isiXhosa
2096,Setswana
2097,isiXhosa
2098,Tshivenda
2099,Xitsonga
2100,Sesotho
2101,Sepedi
2102,isiXhosa
2103, English
2104,Xitsonga
2105,Afrikaans
2106,isiXhosa
2107,isiNdebele
2108,Tshivenda
2109,Xitsonga
2110,isiXhosa
2111,isizulu
2112,Afrikaans
2113,Afrikaans
2114,Setswana
2115,Sepedi
2116,isiNdebele
2117,Sepedi
2118,Setswana
2119,Setswana
2120,isiXhosa
2121,Sesotho
2122,Xitsonga
2123,Tshivenda
2124,siSwati
2125,Sesotho
2126,Afrikaans
2127,Afrikaans
2128,Xitsonga
2129,isiNdebele
2130,Xitsonga
2131,Sesotho
2132,Sepedi
2133,Sepedi
2134,Sepedi
2135,Sesotho
2136,Xitsonga
2137,Afrikaans
2138, English
2139,Sesotho
2140,Afrikaans
2141,Sepedi
2142,Sesotho
2143,siSwati
2144,Xitsonga
2145,Tshivenda
2146,Afrikaans
2147,Sesotho
2148,Xitsonga
2149,isizulu
2150,Afrikaans
2151,isiXhosa
2152,Xitsonga
2153,Tshivenda
2154,Sepedi
2155,isizulu
2156,isizulu
2157,isiXhosa
2158,Setswana
2159,Sepedi
2160,isizulu
2161,Afrikaans
2162,Sepedi
2163,isiXhosa
2164,isiXhosa
2165,isiXhosa
2166,Tshivenda
2167,isiXhosa
2168,Xitsonga
2169,isiNdebele
2170,Sepedi
2171,siSwati
2172,Xitsonga
2173,Setswana
2174,Sepedi
2175,Tshivenda
2176,Afrikaans
2177,Tshivenda
2178,Tshivenda
2179,Sepedi
2180,Xitsonga
2181,isiXhosa
2182,Xitsonga
2183,Xitsonga
2184,isiXhosa
2185,Sesotho
2186,Sepedi
2187,Setswana
2188, English
2189,isiNdebele
2190,siSwati
2191,siSwati
2192,Afrikaans
2193,Sesotho
2194,Xitsonga
2195,Tshivenda
2196,Sepedi
2197,Xitsonga
2198,Xitsonga
2199,Afrikaans
2200,isiXhosa
2201,isiXhosa
2202,Afrikaans
2203,Setswana
2204,Sesotho
2205,Setswana
2206,Sepedi
2207,isiXhosa
2208,isiXhosa
2209,Setswana
2210,siSwati
2211,Afrikaans
2212,siSwati
2213,Tshivenda
2214,Setswana
2215,Sepedi
2216,Sepedi
2217,Xitsonga
2218,Afrikaans
2219,Sepedi
2220,isiXhosa
2221,Sepedi
2222,isiXhosa
2223,Sepedi
2224,isiNdebele
2225,siSwati
2226,Sesotho
2227,isizulu
2228,Sepedi
2229,isiNdebele
2230,Afrikaans
2231,Setswana
2232,siSwati
2233, English
2234, English
2235,isiNdebele
2236,Afrikaans
2237,isizulu
2238,isizulu
2239,Setswana
2240,siSwati
2241, English
2242,Tshivenda
2243,Afrikaans
2244,isizulu
2245,isiXhosa
2246,siSwati
2247,isiXhosa
2248,isiXhosa
2249,isiXhosa
2250,isiXhosa
2251,Setswana
2252,isiNdebele
2253,Sepedi
2254, English
2255,Setswana
2256,isiNdebele
2257,Sesotho
2258,Sesotho
2259,Setswana
2260,siSwati
2261,Tshivenda
2262,Tshivenda
2263,Sepedi
2264,Setswana
2265,Afrikaans
2266,Xitsonga
2267,Sesotho
2268,Afrikaans
2269,Tshivenda
2270,Sesotho
2271,Sesotho
2272,Sesotho
2273,Sepedi
2274,isiXhosa
2275,Sepedi
2276,Setswana
2277,Sesotho
2278,Afrikaans
2279,siSwati
2280,isiNdebele
2281,Tshivenda
2282,Xitsonga
2283, English
2284,isiNdebele
2285,Afrikaans
2286,isizulu
2287,Sepedi
2288, English
2289,Sepedi
2290,Xitsonga
2291,Xitsonga
2292,Afrikaans
2293,isiXhosa
2294,Sepedi
2295,siSwati
2296,isiXhosa
2297,Afrikaans
2298,Sesotho
2299,Sesotho
2300,Tshivenda
2301,Sesotho
2302,Afrikaans
2303,isiXhosa
2304,Setswana
2305,Afrikaans
2306,Afrikaans
2307, English
2308,Afrikaans
2309,Sepedi
2310,isizulu
2311,isizulu
2312,Sesotho
2313,Tshivenda
2314,Sepedi
2315,Sepedi
2316,Afrikaans
2317,isiXhosa
2318,isiXhosa
2319,Sesotho
2320,Afrikaans
2321,Sesotho
2322,Sesotho
2323,isiXhosa
2324,Xitsonga
2325,Tshivenda
2326,Afrikaans
2327,Sepedi
2328,siSwati
2329,Tshivenda
2330,isizulu
2331,Sepedi
2332,Setswana
2333,Sepedi
2334,Sepedi
2335,Afrikaans
2336,Tshivenda
2337,isiXhosa
2338,Setswana
2339,Sepedi
2340,Setswana
2341,siSwati
2342,Setswana
2343,siSwati
2344,isiXhosa
2345,Sepedi
2346,Sesotho
2347,Tshivenda
2348,siSwati
2349,isiNdebele
2350,isiXhosa
2351,isiNdebele
2352,Sesotho
2353,Afrikaans
2354,isizulu
2355,siSwati
2356,Sepedi
2357,isiXhosa
2358,Tshivenda
2359,Setswana
2360,Sepedi
2361,isiXhosa
2362,isiNdebele
2363,Sepedi
2364,isiXhosa
2365,siSwati
2366,isizulu
2367,Sepedi
2368,Sesotho
2369,Afrikaans
2370,isizulu
2371,Sepedi
2372,Afrikaans
2373,isiXhosa
2374,isizulu
2375,siSwati
2376,isiNdebele
2377,Afrikaans
2378,Xitsonga
2379,Afrikaans
2380,Xitsonga
2381,Tshivenda
2382,isizulu
2383, English
2384,Afrikaans
2385,Sepedi
2386,Sepedi
2387,Tshivenda
2388, English
2389,Setswana
2390,Afrikaans
2391,isizulu
2392,isiXhosa
2393,isiXhosa
2394,siSwati
2395, English
2396,Sesotho
2397,Sepedi
2398,Afrikaans
2399,Tshivenda
2400,Sesotho
2401,isiXhosa
2402,Setswana
2403,Tshivenda
2404,Afrikaans
2405,Afrikaans
2406,siSwati
2407,Afrikaans
2408,Afrikaans
2409,Setswana
2410,siSwati
2411,Afrikaans
2412,Afrikaans
2413,Sesotho
2414,Sepedi
2415,Sepedi
2416,Setswana
2417,Tshivenda
2418,siSwati
2419,Tshivenda
2420,Sesotho
2421,Tshivenda
2422,Sepedi
2423,Xitsonga
2424,Setswana
2425,Afrikaans
2426,Tshivenda
2427,Afrikaans
2428,Sesotho
2429,Setswana
2430,Sepedi
2431,Xitsonga
2432,isiXhosa
2433,siSwati
2434,siSwati
2435,Sepedi
2436,isiXhosa
2437,isiXhosa
2438,isiNdebele
2439,Tshivenda
2440,isiXhosa
2441,isiXhosa
2442,isizulu
2443,isiXhosa
2444,Sepedi
2445,isiNdebele
2446,Afrikaans
2447,Sepedi
2448,Sepedi
2449,isiNdebele
2450,Afrikaans
2451,Sepedi
2452,Afrikaans
2453,isiNdebele
2454, English
2455,Tshivenda
2456,Sesotho
2457,isiXhosa
2458,isiNdebele
2459,Sesotho
2460,Afrikaans
2461,Afrikaans
2462,Sepedi
2463,Sepedi
2464,isiXhosa
2465,isizulu
2466,isiNdebele
2467,Tshivenda
2468,Afrikaans
2469,Xitsonga
2470,isiXhosa
2471,Afrikaans
2472,isiNdebele
2473,Tshivenda
2474,siSwati
2475,isiNdebele
2476,isiXhosa
2477,isiXhosa
2478,Sepedi
2479,Tshivenda
2480,isiNdebele
2481,Afrikaans
2482,isiNdebele
2483,Sesotho
2484,Xitsonga
2485,isiNdebele
2486,Tshivenda
2487,isiXhosa
2488,isiXhosa
2489,isiNdebele
2490,Tshivenda
2491,isiNdebele
2492,Afrikaans
2493,Sesotho
2494,Setswana
2495,Sepedi
2496,Sesotho
2497,siSwati
2498,Afrikaans
2499,Tshivenda
2500,isiXhosa
2501, English
2502, English
2503,Afrikaans
2504,Setswana
2505,isiNdebele
2506,Sesotho
2507,siSwati
2508,Afrikaans
2509,isiXhosa
2510,Afrikaans
2511, English
2512,Xitsonga
2513,Sepedi
2514,isiXhosa
2515,Setswana
2516,Sepedi
2517,Tshivenda
2518,Sepedi
2519,siSwati
2520,Setswana
2521,Sesotho
2522,Afrikaans
2523,Tshivenda
2524,Sesotho
2525,Tshivenda
2526,Sesotho
2527,Sepedi
2528,Xitsonga
2529,isizulu
2530,isiXhosa
2531, English
2532,Afrikaans
2533,Sesotho
2534,isizulu
2535,isizulu
2536,Xitsonga
2537,Sepedi
2538,Afrikaans
2539,Xitsonga
2540,isiXhosa
2541,Afrikaans
2542,Setswana
2543,Sepedi
2544, English
2545,Tshivenda
2546,Sesotho
2547,Xitsonga
2548,Tshivenda
2549,Afrikaans
2550,isiXhosa
2551,Sepedi
2552,Sepedi
2553,Sesotho
2554,Xitsonga
2555,isiXhosa
2556,Sesotho
2557,Setswana
2558,isiNdebele
2559,Tshivenda
2560,Tshivenda
2561,Xitsonga
2562,Afrikaans
2563,Sesotho
2564,Afrikaans
2565,isiXhosa
2566,Sepedi
2567,Afrikaans
2568,Sepedi
2569,Sepedi
2570,Tshivenda
2571,Sepedi
2572,Tshivenda
2573,Tshivenda
2574,siSwati
2575,siSwati
2576,Setswana
2577,isiXhosa
2578, English
2579,Sesotho
2580,Sepedi
2581,Tshivenda
2582,Sepedi
2583, English
2584,isizulu
2585,Xitsonga
2586,Sepedi
2587,Sesotho
2588,isizulu
2589,Xitsonga
2590,Afrikaans
2591,Tshivenda
2592,Setswana
2593,Setswana
2594,isiNdebele
2595,Xitsonga
2596,isiXhosa
2597,Afrikaans
2598,Tshivenda
2599,Setswana
2600,Tshivenda
2601,Sepedi
2602, English
2603,Tshivenda
2604,Afrikaans
2605,Afrikaans
2606, English
2607,Setswana
2608,Tshivenda
2609,Xitsonga
2610,isizulu
2611,Setswana
2612, English
2613,Afrikaans
2614,Sesotho
2615,Setswana
2616,isiNdebele
2617,isiXhosa
2618,Afrikaans
2619,isiXhosa
2620,Tshivenda
2621,Setswana
2622,Afrikaans
2623,isizulu
2624,Xitsonga
2625,Sepedi
2626,Xitsonga
2627,Tshivenda
2628, English
2629,Afrikaans
2630,Setswana
2631,isiXhosa
2632,isiXhosa
2633,isizulu
2634,Sesotho
2635,Afrikaans
2636,isiNdebele
2637,siSwati
2638,isiNdebele
2639,Sesotho
2640, English
2641,Afrikaans
2642,Afrikaans
2643,Sesotho
2644,Afrikaans
2645,Sepedi
2646,Sesotho
2647,Sesotho
2648,Sepedi
2649,Setswana
2650,Tshivenda
2651, English
2652, English
2653, English
2654,isizulu
2655,isiXhosa
2656,isiXhosa
2657,siSwati
2658,siSwati
2659, English
2660,siSwati
2661,isizulu
2662,Tshivenda
2663,siSwati
2664,Tshivenda
2665,isiXhosa
2666,Sepedi
2667,Sesotho
2668,isiNdebele
2669,Tshivenda
2670,Sepedi
2671,Tshivenda
2672,Tshivenda
2673,isiNdebele
2674,Sepedi
2675,Tshivenda
2676,Setswana
2677,Xitsonga
2678,siSwati
2679,isizulu
2680, English
2681,Afrikaans
2682,isiXhosa
2683,Sesotho
2684,isiNdebele
2685,Tshivenda
2686,isizulu
2687,isizulu
2688,Sesotho
2689,isizulu
2690,Sepedi
2691,Xitsonga
2692,siSwati
2693,isiXhosa
2694,Tshivenda
2695,Tshivenda
2696,Afrikaans
2697,isiXhosa
2698,Tshivenda
2699,Sesotho
2700,Tshivenda
2701,isiXhosa
2702,Afrikaans
2703,Tshivenda
2704,Tshivenda
2705,Xitsonga
2706,Sepedi
2707,Sesotho
2708,Sesotho
2709,isiXhosa
2710,Afrikaans
2711,isiNdebele
2712,isiXhosa
2713,isizulu
2714,Sepedi
2715,siSwati
2716,siSwati
2717,Sesotho
2718,Sesotho
2719,isiXhosa
2720,Afrikaans
2721,Sesotho
2722,Xitsonga
2723,Setswana
2724,Tshivenda
2725,Setswana
2726,Afrikaans
2727,Afrikaans
2728,Xitsonga
2729,isiNdebele
2730,isiNdebele
2731,Sepedi
2732,Sesotho
2733,isiXhosa
2734,Tshivenda
2735,Afrikaans
2736,Setswana
2737,Sesotho
2738,isizulu
2739,Sesotho
2740,Setswana
2741,Tshivenda
2742,Afrikaans
2743,Sepedi
2744,siSwati
2745,Setswana
2746,isiXhosa
2747,Afrikaans
2748,Setswana
2749,Setswana
2750,Sepedi
2751,Afrikaans
2752,Sepedi
2753,isiXhosa
2754,Tshivenda
2755,Tshivenda
2756,Sepedi
2757,Tshivenda
2758,Sepedi
2759,Afrikaans
2760,Setswana
2761,Afrikaans
2762,Setswana
2763,isizulu
2764,Afrikaans
2765,Setswana
2766,Sepedi
2767,Sesotho
2768,Sesotho
2769,Sesotho
2770,Xitsonga
2771, English
2772,isiXhosa
2773,Afrikaans
2774,Setswana
2775,Afrikaans
2776,Xitsonga
2777,isiXhosa
2778,Afrikaans
2779,Afrikaans
2780,Sepedi
2781,siSwati
2782,Afrikaans
2783,Setswana
2784,isiXhosa
2785,Afrikaans
2786,Tshivenda
2787, English
2788,isiNdebele
2789,Tshivenda
2790,Tshivenda
2791,Sepedi
2792,Afrikaans
2793,Tshivenda
2794,Tshivenda
2795,Xitsonga
2796,Sepedi
2797,Sesotho
2798,Sepedi
2799,Tshivenda
2800,Sepedi
2801,Tshivenda
2802,siSwati
2803,Afrikaans
2804,isiXhosa
2805,Setswana
2806,Sesotho
2807,isiXhosa
2808,siSwati
2809,Afrikaans
2810,Sesotho
2811,Sesotho
2812, English
2813,Setswana
2814,Afrikaans
2815,isiXhosa
2816,Sesotho
2817, English
2818,siSwati
2819,Setswana
2820,Afrikaans
2821,Afrikaans
2822,Setswana
2823,Afrikaans
2824,Xitsonga
2825,Sepedi
2826,Sepedi
2827,Sepedi
2828,Afrikaans
2829,Xitsonga
2830,Sesotho
2831,isiXhosa
2832,Sepedi
2833,isiXhosa
2834,Sepedi
2835,isizulu
2836,Afrikaans
2837, English
2838,Xitsonga
2839,Sepedi
2840,isiXhosa
2841,Sepedi
2842,siSwati
2843,Setswana
2844,isizulu
2845,Setswana
2846,Afrikaans
2847,isiNdebele
2848,Afrikaans
2849,Setswana
2850,siSwati
2851,siSwati
2852,Tshivenda
2853,siSwati
2854,Tshivenda
2855, English
2856,Setswana
2857,Xitsonga
2858,Afrikaans
2859,Setswana
2860,isiXhosa
2861,Sepedi
2862,Sesotho
2863,isiXhosa
2864,isizulu
2865,isiXhosa
2866,Afrikaans
2867,siSwati
2868,Setswana
2869,Afrikaans
2870,Afrikaans
2871,Afrikaans
2872,Tshivenda
2873,Setswana
2874,Tshivenda
2875,Sepedi
2876,Tshivenda
2877,Afrikaans
2878,Sepedi
2879,isiXhosa
2880,Setswana
2881,Tshivenda
2882,isiXhosa
2883,Xitsonga
2884,Sesotho
2885,Sesotho
2886,isiXhosa
2887,Sepedi
2888,isiXhosa
2889,isiXhosa
2890,Xitsonga
2891,Sepedi
2892,Sepedi
2893,siSwati
2894,siSwati
2895,Xitsonga
2896,isizulu
2897,isiNdebele
2898, English
2899,Afrikaans
2900,Setswana
2901,Sepedi
2902,Sesotho
2903,Xitsonga
2904,isiXhosa
2905,Sesotho
2906,Sepedi
2907,siSwati
2908,isiXhosa
2909,Afrikaans
2910,Setswana
2911,Sepedi
2912,Sepedi
2913,Afrikaans
2914,Afrikaans
2915,Tshivenda
2916,Tshivenda
2917,siSwati
2918,Tshivenda
2919,Afrikaans
2920,Sepedi
2921,Sesotho
2922,Sesotho
2923,Sesotho
2924,Sesotho
2925,isiXhosa
2926,Afrikaans
2927,isiXhosa
2928,siSwati
2929,isiNdebele
2930,Sepedi
2931,isiXhosa
2932,Afrikaans
2933,isiXhosa
2934,isiNdebele
2935,Sepedi
2936,Sepedi
2937,Sesotho
2938,Xitsonga
2939,Sepedi
2940,Afrikaans
2941,Sepedi
2942,isiXhosa
2943,Afrikaans
2944,Tshivenda
2945,Sesotho
2946,Sesotho
2947,Afrikaans
2948,isiNdebele
2949,Xitsonga
2950,Xitsonga
2951,Afrikaans
2952,Sesotho
2953,Afrikaans
2954,Setswana
2955, English
2956,Sepedi
2957,isizulu
2958,Sepedi
2959,Tshivenda
2960,Setswana
2961, English
2962,Afrikaans
2963,siSwati
2964, English
2965,isiXhosa
2966,Tshivenda
2967,Sepedi
2968,isiXhosa
2969,Afrikaans
2970,Xitsonga
2971,Afrikaans
2972,Afrikaans
2973,isiXhosa
2974,Xitsonga
2975,Sepedi
2976,siSwati
2977,Xitsonga
2978,Sepedi
2979,isiXhosa
2980,Sepedi
2981,Sepedi
2982,Sesotho
2983,isiXhosa
2984,Xitsonga
2985,siSwati
2986,siSwati
2987,Afrikaans
2988,Xitsonga
2989,isiXhosa
2990,Tshivenda
2991,Tshivenda
2992,siSwati
2993,Afrikaans
2994,Tshivenda
2995,Sesotho
2996,Sesotho
2997,Afrikaans
2998,isizulu
2999,Setswana
3000,Tshivenda
3001,Xitsonga
3002,Setswana
3003,siSwati
3004,Afrikaans
3005,Afrikaans
3006,Afrikaans
3007,Sepedi
3008,isiXhosa
3009,Sesotho
3010,Sesotho
3011,Tshivenda
3012,isizulu
3013,Sesotho
3014,Afrikaans
3015,Afrikaans
3016,Tshivenda
3017,isizulu
3018,isizulu
3019,isiNdebele
3020,Sesotho
3021, English
3022,Sesotho
3023,Sepedi
3024,Sepedi
3025,isiXhosa
3026,Afrikaans
3027,Setswana
3028,siSwati
3029,Tshivenda
3030,Xitsonga
3031,isiXhosa
3032,siSwati
3033,Xitsonga
3034,Afrikaans
3035,Setswana
3036,Sesotho
3037,isiXhosa
3038,isizulu
3039,isiXhosa
3040, English
3041,isiXhosa
3042,Sepedi
3043,Afrikaans
3044,Tshivenda
3045,isiNdebele
3046,isizulu
3047,siSwati
3048,Afrikaans
3049,Afrikaans
3050,Sepedi
3051,Setswana
3052,Afrikaans
3053,siSwati
3054,Tshivenda
3055,Sepedi
3056,Setswana
3057,Sepedi
3058, English
3059,Afrikaans
3060,Afrikaans
3061,siSwati
3062,Xitsonga
3063,Tshivenda
3064,isizulu
3065,isiXhosa
3066,Sepedi
3067,isiXhosa
3068,Sepedi
3069,Sepedi
3070,Sepedi
3071,siSwati
3072,Afrikaans
3073,Afrikaans
3074,isizulu
3075,Afrikaans
3076,Setswana
3077,Tshivenda
3078,Tshivenda
3079,Sepedi
3080, English
3081,Tshivenda
3082,Afrikaans
3083, English
3084,Xitsonga
3085,Sepedi
3086,Tshivenda
3087,Sesotho
3088,Tshivenda
3089,isizulu
3090, English
3091,isiNdebele
3092,Sepedi
3093,Sesotho
3094,siSwati
3095,Setswana
3096,Tshivenda
3097,Afrikaans
3098,isiXhosa
3099,isiXhosa
3100,isiNdebele
3101,Sepedi
3102,siSwati
3103, English
3104,Sesotho
3105,Sepedi
3106,Xitsonga
3107,Sepedi
3108,Setswana
3109,isiXhosa
3110,Sepedi
3111,Afrikaans
3112,isiXhosa
3113,siSwati
3114, English
3115,Sesotho
3116,isiXhosa
3117,Afrikaans
3118,Xitsonga
3119,Sesotho
3120,isizulu
3121,Tshivenda
3122,Sepedi
3123,isiXhosa
3124,Sesotho
3125,Tshivenda
3126,Setswana
3127,Sesotho
3128,isizulu
3129,Setswana
3130,isizulu
3131,Afrikaans
3132,Tshivenda
3133,isizulu
3134, English
3135,isiXhosa
3136,Sepedi
3137,Sesotho
3138,isizulu
3139,Tshivenda
3140,Afrikaans
3141,Sepedi
3142,siSwati
3143,Afrikaans
3144,siSwati
3145,Tshivenda
3146,isiNdebele
3147,Xitsonga
3148,Afrikaans
3149,Tshivenda
3150,siSwati
3151,Sepedi
3152,Sepedi
3153,Setswana
3154,isiXhosa
3155,Tshivenda
3156,isiXhosa
3157,Afrikaans
3158,isiXhosa
3159,Tshivenda
3160,Xitsonga
3161, English
3162,isiXhosa
3163,Xitsonga
3164,isizulu
3165,Sepedi
3166,Tshivenda
3167,Tshivenda
3168,Afrikaans
3169,Xitsonga
3170,Xitsonga
3171, English
3172,Afrikaans
3173,Sesotho
3174,Sesotho
3175,Sesotho
3176,Afrikaans
3177,Tshivenda
3178,Tshivenda
3179,isiXhosa
3180,Xitsonga
3181,Sepedi
3182,siSwati
3183,siSwati
3184,isiXhosa
3185,isiXhosa
3186,Tshivenda
3187, English
3188,Afrikaans
3189,Afrikaans
3190,isizulu
3191,Setswana
3192,Xitsonga
3193,isizulu
3194,Sepedi
3195,isiXhosa
3196,isiNdebele
3197,isiXhosa
3198,Sesotho
3199,isiXhosa
3200,Setswana
3201,isiXhosa
3202,Sesotho
3203, English
3204,Afrikaans
3205,Sepedi
3206,Afrikaans
3207,Afrikaans
3208,Xitsonga
3209,isizulu
3210,Sepedi
3211,isiXhosa
3212,isiXhosa
3213, English
3214, English
3215,isiXhosa
3216,siSwati
3217,Setswana
3218,isiXhosa
3219,Tshivenda
3220,Tshivenda
3221,isiXhosa
3222,Xitsonga
3223,Tshivenda
3224,siSwati
3225,Xitsonga
3226,Tshivenda
3227,siSwati
3228,Sepedi
3229,Tshivenda
3230,Sepedi
3231,Afrikaans
3232,Afrikaans
3233,isiNdebele
3234,isiNdebele
3235,Sepedi
3236,Sesotho
3237,isiXhosa
3238,Sesotho
3239,isiXhosa
3240,siSwati
3241,Tshivenda
3242,Tshivenda
3243,Xitsonga
3244,Setswana
3245,isizulu
3246,Sesotho
3247,isizulu
3248,Xitsonga
3249,Tshivenda
3250,isiNdebele
3251,Sesotho
3252,Setswana
3253,Sepedi
3254,Sepedi
3255,isiXhosa
3256,Tshivenda
3257,Setswana
3258, English
3259,Setswana
3260,Sesotho
3261,Tshivenda
3262,Setswana
3263,Xitsonga
3264,Xitsonga
3265,Tshivenda
3266,isizulu
3267,siSwati
3268,Tshivenda
3269,isiXhosa
3270,Xitsonga
3271,isiNdebele
3272,Tshivenda
3273,isiNdebele
3274,Afrikaans
3275,isizulu
3276,Sepedi
3277,Afrikaans
3278,isiXhosa
3279,Tshivenda
3280,Setswana
3281,isizulu
3282,Sepedi
3283,Setswana
3284,Setswana
3285,isizulu
3286,Sesotho
3287,isiNdebele
3288,isizulu
3289,isiXhosa
3290,Setswana
3291,isizulu
3292,isizulu
3293,Sepedi
3294,isizulu
3295,Afrikaans
3296,isiXhosa
3297,isiXhosa
3298,isiNdebele
3299,Setswana
3300,Sesotho
3301,Afrikaans
3302,Sepedi
3303,Sepedi
3304,Afrikaans
3305,Xitsonga
3306, English
3307,Setswana
3308,Sesotho
3309,Tshivenda
3310,isiXhosa
3311,Sepedi
3312,Sepedi
3313,Sesotho
3314,Sepedi
3315,isiNdebele
3316,Sesotho
3317,Setswana
3318,siSwati
3319,Afrikaans
3320,Sepedi
3321,isizulu
3322, English
3323,Sesotho
3324,Tshivenda
3325,Afrikaans
3326,Sesotho
3327,Sepedi
3328,Sepedi
3329,isiXhosa
3330,Afrikaans
3331,Afrikaans
3332,Sesotho
3333,isizulu
3334,isizulu
3335,isiNdebele
3336,isiXhosa
3337,Tshivenda
3338,isiXhosa
3339,Tshivenda
3340,Sepedi
3341,isiXhosa
3342,Xitsonga
3343,Setswana
3344,Xitsonga
3345,Tshivenda
3346,Tshivenda
3347,Xitsonga
3348,Xitsonga
3349,Sepedi
3350,Xitsonga
3351,Tshivenda
3352,Tshivenda
3353,isizulu
3354,Xitsonga
3355,Setswana
3356,Sesotho
3357,Afrikaans
3358,Xitsonga
3359,Sepedi
3360,Sesotho
3361, English
3362,isizulu
3363,Tshivenda
3364,Sepedi
3365,Tshivenda
3366,Setswana
3367,siSwati
3368,Tshivenda
3369,Xitsonga
3370,isizulu
3371,Setswana
3372,Afrikaans
3373,Tshivenda
3374,Tshivenda
3375,Xitsonga
3376,Xitsonga
3377,isiXhosa
3378, English
3379,Afrikaans
3380,Sesotho
3381,isiXhosa
3382,Sepedi
3383,Sepedi
3384,isiXhosa
3385,Sepedi
3386,siSwati
3387,siSwati
3388,Afrikaans
3389,Xitsonga
3390,Sesotho
3391,isizulu
3392,siSwati
3393,Sepedi
3394,Tshivenda
3395,isiXhosa
3396,Tshivenda
3397,Sesotho
3398,isizulu
3399,siSwati
3400,Setswana
3401,isiNdebele
3402,Tshivenda
3403,Tshivenda
3404,isiXhosa
3405,Setswana
3406,isiNdebele
3407,Setswana
3408,isiNdebele
3409,Sepedi
3410,isiXhosa
3411,Tshivenda
3412, English
3413, English
3414,Afrikaans
3415,Afrikaans
3416,isiXhosa
3417,isiNdebele
3418,Setswana
3419,Sepedi
3420,Tshivenda
3421,Sepedi
3422,siSwati
3423,isizulu
3424,Tshivenda
3425,Setswana
3426,Sepedi
3427,Sepedi
3428,Sepedi
3429,isiNdebele
3430,Afrikaans
3431,siSwati
3432,siSwati
3433,isizulu
3434,Tshivenda
3435,Sepedi
3436,isiNdebele
3437,isiXhosa
3438,Afrikaans
3439,isiXhosa
3440,Xitsonga
3441,Tshivenda
3442,Tshivenda
3443,Tshivenda
3444,Tshivenda
3445,Xitsonga
3446,Tshivenda
3447,Afrikaans
3448,Setswana
3449,Sesotho
3450,isiNdebele
3451,siSwati
3452,isiXhosa
3453,Afrikaans
3454,isiXhosa
3455,Sesotho
3456,siSwati
3457,Setswana
3458,isiXhosa
3459,siSwati
3460,isiNdebele
3461,isiXhosa
3462,siSwati
3463, English
3464,Sesotho
3465,isizulu
3466,Tshivenda
3467,Afrikaans
3468,Xitsonga
3469,siSwati
3470,Sesotho
3471,isiNdebele
3472,isizulu
3473,Afrikaans
3474,Xitsonga
3475,isiXhosa
3476,Afrikaans
3477,Afrikaans
3478,Setswana
3479,Afrikaans
3480,Sepedi
3481,Sepedi
3482,isiNdebele
3483,Sepedi
3484,isiXhosa
3485,Sesotho
3486,isiXhosa
3487,Tshivenda
3488,isiNdebele
3489, English
3490,isiXhosa
3491,Tshivenda
3492,Sepedi
3493,Afrikaans
3494,siSwati
3495,Sepedi
3496,isiXhosa
3497,Sepedi
3498,Setswana
3499,Setswana
3500,Afrikaans
3501,isiXhosa
3502,isizulu
3503,Tshivenda
3504,isiXhosa
3505,Tshivenda
3506,Tshivenda
3507,Tshivenda
3508,Tshivenda
3509,Sesotho
3510,Tshivenda
3511,Setswana
3512,isizulu
3513,isiNdebele
3514,isiXhosa
3515,Sepedi
3516,isizulu
3517,Tshivenda
3518,isiNdebele
3519,Tshivenda
3520,Xitsonga
3521,Afrikaans
3522,Tshivenda
3523,Sesotho
3524,isiNdebele
3525,Xitsonga
3526,Sepedi
3527,isizulu
3528,isizulu
3529,Sepedi
3530,Afrikaans
3531,Tshivenda
3532,isiXhosa
3533,Setswana
3534,Tshivenda
3535,Setswana
3536,Sepedi
3537,Tshivenda
3538,Sesotho
3539,Setswana
3540,Sepedi
3541,isiXhosa
3542,Setswana
3543,Tshivenda
3544,Tshivenda
3545,Xitsonga
3546,siSwati
3547,Sepedi
3548,Setswana
3549,siSwati
3550, English
3551, English
3552,Tshivenda
3553,Xitsonga
3554,isiXhosa
3555,isiXhosa
3556,isiXhosa
3557,Sepedi
3558,Setswana
3559,Afrikaans
3560,Sepedi
3561,Sepedi
3562,Afrikaans
3563,Afrikaans
3564,Sepedi
3565,Sepedi
3566,Sepedi
3567,Afrikaans
3568,Xitsonga
3569,Sesotho
3570,siSwati
3571,isiXhosa
3572,Sepedi
3573,Afrikaans
3574,Setswana
3575,Sepedi
3576,isiNdebele
3577,Tshivenda
3578,Afrikaans
3579,Tshivenda
3580,Sepedi
3581, English
3582,Setswana
3583,Afrikaans
3584,Xitsonga
3585,isiXhosa
3586,Afrikaans
3587,Tshivenda
3588,isiXhosa
3589,Afrikaans
3590,Xitsonga
3591,Tshivenda
3592,Sepedi
3593,Tshivenda
3594,Xitsonga
3595,Xitsonga
3596,Setswana
3597,Xitsonga
3598,Sepedi
3599,Afrikaans
3600,Setswana
3601,Sesotho
3602,Setswana
3603,isiXhosa
3604,Xitsonga
3605,Xitsonga
3606,Afrikaans
3607,Sesotho
3608,isizulu
3609,Sepedi
3610,Setswana
3611,Xitsonga
3612, English
3613,Sesotho
3614,Afrikaans
3615,Afrikaans
3616,isizulu
3617,Afrikaans
3618,isiNdebele
3619,siSwati
3620,siSwati
3621, English
3622,Tshivenda
3623,Sepedi
3624,isiNdebele
3625,isiXhosa
3626,Sesotho
3627,Sepedi
3628,Afrikaans
3629,Sesotho
3630,Sepedi
3631,Afrikaans
3632,Sesotho
3633,Afrikaans
3634, English
3635,Xitsonga
3636, English
3637, English
3638,siSwati
3639,Sesotho
3640,Tshivenda
3641,Sesotho
3642,Xitsonga
3643,siSwati
3644,Afrikaans
3645,Afrikaans
3646,Sesotho
3647,Sesotho
3648,isiXhosa
3649,isiXhosa
3650, English
3651,Xitsonga
3652,Sepedi
3653,Sepedi
3654,Setswana
3655,siSwati
3656,Sesotho
3657,Sepedi
3658,Sesotho
3659,siSwati
3660,isizulu
3661,Sepedi
3662,Sesotho
3663,isizulu
3664,Sepedi
3665,Sesotho
3666,Sepedi
3667,siSwati
3668,isiXhosa
3669,siSwati
3670,Xitsonga
3671,isiXhosa
3672,Xitsonga
3673,Setswana
3674,isiNdebele
3675,Setswana
3676,isiXhosa
3677,siSwati
3678,isizulu
3679,isiXhosa
3680,Tshivenda
3681,isiNdebele
3682,isiXhosa
3683,Setswana
3684,Xitsonga
3685, English
3686,Sesotho
3687,Setswana
3688,Tshivenda
3689,Sesotho
3690,Sesotho
3691,Xitsonga
3692,isiXhosa
3693,Sesotho
3694,isiXhosa
3695,Sesotho
3696,Sesotho
3697,siSwati
3698,Tshivenda
3699,Tshivenda
3700,Tshivenda
3701,Tshivenda
3702,isiXhosa
3703,Xitsonga
3704,Sepedi
3705,Tshivenda
3706,Setswana
3707,isiXhosa
3708,Xitsonga
3709,Afrikaans
3710,Sesotho
3711,Tshivenda
3712,Xitsonga
3713, English
3714, English
3715,isiXhosa
3716,isiNdebele
3717,Afrikaans
3718,Tshivenda
3719,Setswana
3720,isizulu
3721,isiXhosa
3722,isiXhosa
3723,isizulu
3724,isiXhosa
3725,siSwati
3726,Afrikaans
3727,Sepedi
3728,Afrikaans
3729,Setswana
3730,Sesotho
3731,siSwati
3732,Tshivenda
3733,isizulu
3734, English
3735,isiXhosa
3736,Sepedi
3737,Afrikaans
3738,Afrikaans
3739,Tshivenda
3740,Xitsonga
3741,Setswana
3742,Sesotho
3743, English
3744,Setswana
3745,Setswana
3746,isizulu
3747,isizulu
3748,Sepedi
3749,Setswana
3750,Xitsonga
3751,Tshivenda
3752,Afrikaans
3753,Sepedi
3754,Sepedi
3755,isiNdebele
3756,Setswana
3757,Sesotho
3758,Sesotho
3759,Afrikaans
3760,Sepedi
3761,isiNdebele
3762,Sepedi
3763,Tshivenda
3764,Sepedi
3765,Sepedi
3766,Setswana
3767,isizulu
3768,isiXhosa
3769, English
3770,Sepedi
3771,Setswana
3772,isiXhosa
3773, English
3774,Sesotho
3775,Afrikaans
3776,Afrikaans
3777,isiXhosa
3778,siSwati
3779,Xitsonga
3780,Sepedi
3781,isiNdebele
3782,Sesotho
3783,Sesotho
3784,Sepedi
3785,isizulu
3786,Afrikaans
3787,isizulu
3788,isiXhosa
3789,isizulu
3790,isiXhosa
3791,Afrikaans
3792,isizulu
3793,Setswana
3794,Tshivenda
3795,Afrikaans
3796,Sepedi
3797,Sepedi
3798,siSwati
3799,isiNdebele
3800,Tshivenda
3801,isiXhosa
3802,Afrikaans
3803,Setswana
3804, English
3805,Xitsonga
3806,Setswana
3807,Sesotho
3808,siSwati
3809, English
3810,Setswana
3811,Sesotho
3812,Sepedi
3813, English
3814,isiNdebele
3815,siSwati
3816,Sepedi
3817,siSwati
3818,Setswana
3819,isizulu
3820,Sepedi
3821,Setswana
3822,Tshivenda
3823, English
3824,Sepedi
3825,isiXhosa
3826,Tshivenda
3827,Sesotho
3828,Afrikaans
3829,Setswana
3830,Sepedi
3831,siSwati
3832, English
3833,isiNdebele
3834,siSwati
3835,Sepedi
3836,Setswana
3837,isiNdebele
3838,isiNdebele
3839, English
3840,Setswana
3841,Sepedi
3842,Tshivenda
3843,Setswana
3844,Tshivenda
3845,isizulu
3846,Tshivenda
3847,Tshivenda
3848,Sesotho
3849,Setswana
3850,isiNdebele
3851,Sesotho
3852,Sepedi
3853,Tshivenda
3854,isizulu
3855,Sepedi
3856,Setswana
3857,Sepedi
3858,Afrikaans
3859,Sesotho
3860,Xitsonga
3861,isizulu
3862,Afrikaans
3863,isiXhosa
3864,isiXhosa
3865,siSwati
3866,Afrikaans
3867,Afrikaans
3868,Sepedi
3869,Tshivenda
3870,Xitsonga
3871,isiNdebele
3872,Tshivenda
3873,Setswana
3874,siSwati
3875,Afrikaans
3876, English
3877,Tshivenda
3878,siSwati
3879,isiXhosa
3880,isizulu
3881,Sepedi
3882,isiXhosa
3883,Sesotho
3884,Setswana
3885,Sesotho
3886,Tshivenda
3887,Setswana
3888,siSwati
3889,Sesotho
3890,Afrikaans
3891,isizulu
3892,Sepedi
3893,Sesotho
3894,Sesotho
3895,Sepedi
3896,siSwati
3897,isiXhosa
3898,Xitsonga
3899, English
3900,Tshivenda
3901,Afrikaans
3902,Sepedi
3903, English
3904,Sepedi
3905,Sesotho
3906,Sepedi
3907,Sepedi
3908,isiXhosa
3909,Afrikaans
3910, English
3911,isizulu
3912,isiXhosa
3913,Setswana
3914,isizulu
3915,Afrikaans
3916,Sesotho
3917,isiNdebele
3918,Sepedi
3919,Sepedi
3920,Xitsonga
3921,siSwati
3922,Tshivenda
3923,Setswana
3924,Tshivenda
3925,isizulu
3926,Sepedi
3927,Sepedi
3928,Sepedi
3929,Afrikaans
3930,isizulu
3931,Afrikaans
3932,isiXhosa
3933,Sesotho
3934,Sepedi
3935,Sepedi
3936,isiXhosa
3937,Afrikaans
3938,Xitsonga
3939,Afrikaans
3940,Tshivenda
3941,siSwati
3942,Tshivenda
3943,isizulu
3944,Xitsonga
3945,Afrikaans
3946,Sepedi
3947,Sesotho
3948,isiXhosa
3949,isiXhosa
3950,Sesotho
3951,Sepedi
3952,Xitsonga
3953,Sesotho
3954,Afrikaans
3955,isiXhosa
3956,Afrikaans
3957, English
3958,Afrikaans
3959, English
3960,Tshivenda
3961,Xitsonga
3962,isiXhosa
3963,Tshivenda
3964,Sepedi
3965,Setswana
3966,isiXhosa
3967,Sesotho
3968,isiXhosa
3969,isizulu
3970,Sepedi
3971,isiXhosa
3972,isiXhosa
3973,Sepedi
3974,Sesotho
3975,siSwati
3976,Setswana
3977,Sepedi
3978,Sepedi
3979,Setswana
3980,Sepedi
3981,Xitsonga
3982,siSwati
3983,Afrikaans
3984,Sepedi
3985,Sesotho
3986,Tshivenda
3987,isiXhosa
3988,Afrikaans
3989,siSwati
3990, English
3991,Tshivenda
3992,isiXhosa
3993,Afrikaans
3994,isiNdebele
3995,Tshivenda
3996,Tshivenda
3997,Setswana
3998,isiXhosa
3999,Sepedi
4000,Tshivenda
4001,Xitsonga
4002,isizulu
4003,isizulu
4004,Xitsonga
4005,isizulu
4006,Sepedi
4007,Setswana
4008,isiXhosa
4009,Tshivenda
4010,Sepedi
4011,isiXhosa
4012,Xitsonga
4013,isiNdebele
4014,Setswana
4015,Xitsonga
4016,isiNdebele
4017,isizulu
4018,siSwati
4019,isiNdebele
4020,Tshivenda
4021,siSwati
4022,Afrikaans
4023,Sepedi
4024,Xitsonga
4025,isizulu
4026,Setswana
4027,isiXhosa
4028,isizulu
4029,Xitsonga
4030,isiNdebele
4031,Setswana
4032,isiXhosa
4033,Afrikaans
4034,Afrikaans
4035,Sepedi
4036,Sepedi
4037,Afrikaans
4038,Sesotho
4039,isiNdebele
4040,Sesotho
4041,siSwati
4042,Afrikaans
4043,Setswana
4044,isiXhosa
4045,Tshivenda
4046,Tshivenda
4047,Tshivenda
4048,Sesotho
4049,isiXhosa
4050,Afrikaans
4051,Tshivenda
4052,Afrikaans
4053,isiNdebele
4054,Tshivenda
4055,Sesotho
4056,Afrikaans
4057,Setswana
4058,Tshivenda
4059,Sepedi
4060,Afrikaans
4061,Tshivenda
4062,Tshivenda
4063,isiXhosa
4064,siSwati
4065,Sesotho
4066,isiXhosa
4067,isizulu
4068,Afrikaans
4069,Xitsonga
4070,Sesotho
4071,isizulu
4072,isiXhosa
4073,Sepedi
4074,isiXhosa
4075,Sepedi
4076,Setswana
4077,Tshivenda
4078,isiXhosa
4079,Afrikaans
4080,Sesotho
4081,isiXhosa
4082,Afrikaans
4083,Sesotho
4084,Sepedi
4085,Xitsonga
4086,Afrikaans
4087,Xitsonga
4088,Sesotho
4089,Tshivenda
4090,Xitsonga
4091,Afrikaans
4092,Xitsonga
4093,Setswana
4094,Setswana
4095,isiXhosa
4096,Afrikaans
4097,Sepedi
4098,Setswana
4099,Afrikaans
4100,Sesotho
4101,Sesotho
4102,Tshivenda
4103,isiXhosa
4104,Setswana
4105,Setswana
4106,isiXhosa
4107, English
4108,Afrikaans
4109,isiXhosa
4110,isiXhosa
4111,isiXhosa
4112,Afrikaans
4113,Sesotho
4114,isiXhosa
4115,Tshivenda
4116,Setswana
4117,Sepedi
4118,Sesotho
4119,Tshivenda
4120,Tshivenda
4121,Afrikaans
4122,Sepedi
4123,isizulu
4124,Afrikaans
4125,Setswana
4126,isizulu
4127,Setswana
4128,Sesotho
4129,Setswana
4130,Sepedi
4131,isiXhosa
4132,Afrikaans
4133,Sepedi
4134,Sepedi
4135,Xitsonga
4136,Afrikaans
4137,Setswana
4138, English
4139,siSwati
4140,Sepedi
4141,isiXhosa
4142,siSwati
4143,Sepedi
4144,Sesotho
4145,isiXhosa
4146,Tshivenda
4147,Sepedi
4148,Setswana
4149,Setswana
4150,Afrikaans
4151,Sepedi
4152,isizulu
4153,Sesotho
4154,Sesotho
4155,Afrikaans
4156,Afrikaans
4157,Afrikaans
4158,isiNdebele
4159,isiNdebele
4160,Afrikaans
4161,isiXhosa
4162,Sepedi
4163,isizulu
4164,Xitsonga
4165,Xitsonga
4166,Tshivenda
4167,Xitsonga
4168,siSwati
4169,Sepedi
4170,Setswana
4171,Setswana
4172, English
4173,isiXhosa
4174,isiNdebele
4175,isiXhosa
4176,Tshivenda
4177,Sesotho
4178,Xitsonga
4179,Sepedi
4180,Sesotho
4181,Tshivenda
4182,isiXhosa
4183,Xitsonga
4184,siSwati
4185,Setswana
4186,Sesotho
4187,Sesotho
4188,Setswana
4189,Afrikaans
4190,isiNdebele
4191,Sepedi
4192,isiXhosa
4193,isiXhosa
4194,Afrikaans
4195,Setswana
4196,isiXhosa
4197, English
4198,Afrikaans
4199,isiXhosa
4200,isiXhosa
4201,Sepedi
4202,Sepedi
4203,Sepedi
4204,isiXhosa
4205,Tshivenda
4206,Tshivenda
4207,Sepedi
4208,Afrikaans
4209,isizulu
4210,Tshivenda
4211,Setswana
4212,siSwati
4213,isiNdebele
4214,isiXhosa
4215,Tshivenda
4216,Xitsonga
4217,Xitsonga
4218,Tshivenda
4219,isiXhosa
4220,isizulu
4221,Sepedi
4222,isiNdebele
4223,Sepedi
4224,isiXhosa
4225,Afrikaans
4226,isiNdebele
4227,Sesotho
4228,Setswana
4229,Tshivenda
4230,isiXhosa
4231,siSwati
4232,Sepedi
4233,Xitsonga
4234,Setswana
4235,Setswana
4236,Afrikaans
4237,Sesotho
4238,Xitsonga
4239,Sepedi
4240,Afrikaans
4241,Sepedi
4242,Xitsonga
4243,Sesotho
4244,Xitsonga
4245,isiNdebele
4246,Tshivenda
4247,siSwati
4248, English
4249,Afrikaans
4250,Setswana
4251,Sepedi
4252,Xitsonga
4253,Tshivenda
4254,isiXhosa
4255,Tshivenda
4256,Sesotho
4257,isiNdebele
4258,Sesotho
4259,isiXhosa
4260,Tshivenda
4261,isiXhosa
4262,Tshivenda
4263,Sepedi
4264,Afrikaans
4265,Sepedi
4266,Sepedi
4267,Afrikaans
4268,Setswana
4269,isizulu
4270,isiXhosa
4271,Afrikaans
4272,siSwati
4273,isiXhosa
4274,Sesotho
4275,isizulu
4276,Tshivenda
4277, English
4278,isiXhosa
4279,Setswana
4280,isiXhosa
4281,Tshivenda
4282,Sesotho
4283,Tshivenda
4284, English
4285,siSwati
4286,siSwati
4287, English
4288,isiXhosa
4289,isiXhosa
4290,isizulu
4291,Tshivenda
4292,Afrikaans
4293,siSwati
4294,isizulu
4295,isiXhosa
4296,Xitsonga
4297,Setswana
4298,Setswana
4299,Xitsonga
4300,Tshivenda
4301,Sesotho
4302,Sepedi
4303,Sesotho
4304,Sepedi
4305,Sepedi
4306,Afrikaans
4307,Afrikaans
4308,Afrikaans
4309,isiXhosa
4310,Xitsonga
4311,Sesotho
4312,Sesotho
4313,isiNdebele
4314,isiNdebele
4315,Afrikaans
4316,Tshivenda
4317,Xitsonga
4318,Setswana
4319,Sepedi
4320, English
4321,Tshivenda
4322,Sepedi
4323,Tshivenda
4324, English
4325,isiXhosa
4326,Sepedi
4327,isiXhosa
4328,Sesotho
4329,Tshivenda
4330,Sepedi
4331,isiXhosa
4332,Tshivenda
4333,Sepedi
4334,isiXhosa
4335,Sepedi
4336, English
4337,Sesotho
4338,Tshivenda
4339,Tshivenda
4340, English
4341,siSwati
4342,Afrikaans
4343, English
4344,siSwati
4345,Xitsonga
4346,siSwati
4347,Sesotho
4348,isiXhosa
4349,Sepedi
4350,Afrikaans
4351,isiXhosa
4352,isizulu
4353,Afrikaans
4354,Xitsonga
4355,isiXhosa
4356,Sepedi
4357,Setswana
4358,Tshivenda
4359,Setswana
4360,Afrikaans
4361,Sepedi
4362,Sesotho
4363,Afrikaans
4364, English
4365,Sesotho
4366,Afrikaans
4367,isizulu
4368,Sepedi
4369,isiNdebele
4370,Sepedi
4371,isiXhosa
4372,Afrikaans
4373,Sesotho
4374, English
4375,Sepedi
4376,isizulu
4377,Tshivenda
4378,Sepedi
4379,Setswana
4380,Setswana
4381,siSwati
4382,Tshivenda
4383,isiNdebele
4384,Tshivenda
4385,isizulu
4386,Afrikaans
4387,Setswana
4388,Sepedi
4389,Afrikaans
4390,Afrikaans
4391,Afrikaans
4392,Sepedi
4393,isiNdebele
4394,Xitsonga
4395,isizulu
4396,isiXhosa
4397,Afrikaans
4398, English
4399,Xitsonga
4400,Afrikaans
4401,Sepedi
4402,Afrikaans
4403,Sepedi
4404,Tshivenda
4405,Afrikaans
4406,Sepedi
4407,Sepedi
4408,isiXhosa
4409,Tshivenda
4410,Sepedi
4411,Afrikaans
4412,Xitsonga
4413,Tshivenda
4414,Tshivenda
4415,isizulu
4416,Sepedi
4417,Afrikaans
4418,isizulu
4419,Sesotho
4420,siSwati
4421,siSwati
4422,Tshivenda
4423,Sesotho
4424,Setswana
4425,Setswana
4426, English
4427,Tshivenda
4428,Sepedi
4429,Tshivenda
4430,Sesotho
4431,Sepedi
4432,Sesotho
4433,Afrikaans
4434,Xitsonga
4435,Afrikaans
4436,Afrikaans
4437,Sepedi
4438,Tshivenda
4439,siSwati
4440,isiNdebele
4441,Setswana
4442, English
4443,Tshivenda
4444,Setswana
4445,Sepedi
4446,Sepedi
4447,isiNdebele
4448,Tshivenda
4449,Sesotho
4450,Tshivenda
4451,Xitsonga
4452,isiNdebele
4453,isizulu
4454,Xitsonga
4455,isizulu
4456,Afrikaans
4457,isiXhosa
4458,isizulu
4459,Setswana
4460,Tshivenda
4461,Sepedi
4462,Afrikaans
4463,Afrikaans
4464,Xitsonga
4465,Tshivenda
4466,Xitsonga
4467,isiNdebele
4468,Tshivenda
4469,Xitsonga
4470,Tshivenda
4471,isiXhosa
4472,Afrikaans
4473,Xitsonga
4474,Sepedi
4475,Afrikaans
4476,isiXhosa
4477,isiNdebele
4478,Sepedi
4479,Tshivenda
4480,isiXhosa
4481,isiXhosa
4482,Sepedi
4483,Sepedi
4484,Setswana
4485,Tshivenda
4486, English
4487,Setswana
4488,isiXhosa
4489,Sesotho
4490,Setswana
4491,Sepedi
4492,Xitsonga
4493,Tshivenda
4494,siSwati
4495,Afrikaans
4496,Tshivenda
4497,Tshivenda
4498,Afrikaans
4499,siSwati
4500,Sepedi
4501,siSwati
4502,isiXhosa
4503,Sepedi
4504,Setswana
4505,Sesotho
4506,Tshivenda
4507,isiXhosa
4508, English
4509,Tshivenda
4510,Setswana
4511,isiNdebele
4512,isiXhosa
4513,isiXhosa
4514,Xitsonga
4515,isiXhosa
4516,Setswana
4517,isiXhosa
4518,Sesotho
4519,Tshivenda
4520,Setswana
4521,Setswana
4522,Sepedi
4523,Tshivenda
4524,Tshivenda
4525,isizulu
4526,Sepedi
4527,Setswana
4528,Sepedi
4529,Tshivenda
4530,isiXhosa
4531,Setswana
4532,isiXhosa
4533,siSwati
4534,Setswana
4535,Afrikaans
4536,Sesotho
4537,Sepedi
4538,Afrikaans
4539,Setswana
4540, English
4541,Sepedi
4542,Afrikaans
4543,Afrikaans
4544,Setswana
4545,Xitsonga
4546,Sepedi
4547,Sesotho
4548,Tshivenda
4549, English
4550,Setswana
4551,isizulu
4552,Afrikaans
4553,Setswana
4554,isizulu
4555,isiXhosa
4556,isiXhosa
4557,Xitsonga
4558,Xitsonga
4559,Tshivenda
4560,Setswana
4561,Setswana
4562,Sepedi
4563, English
4564,Sesotho
4565,Setswana
4566,Sesotho
4567,Sesotho
4568,Tshivenda
4569, English
4570,Sesotho
4571,Setswana
4572,Tshivenda
4573,Afrikaans
4574,isiXhosa
4575,siSwati
4576,Setswana
4577,isizulu
4578,Setswana
4579,isizulu
4580,isiXhosa
4581,Xitsonga
4582,Xitsonga
4583,Sesotho
4584,Sepedi
4585,Setswana
4586,Setswana
4587,siSwati
4588,Sesotho
4589,siSwati
4590,Sepedi
4591,Sesotho
4592,isizulu
4593,Xitsonga
4594,Tshivenda
4595,siSwati
4596,Setswana
4597,Tshivenda
4598, English
4599,Sesotho
4600,Afrikaans
4601,Sepedi
4602,Tshivenda
4603,Sesotho
4604,Setswana
4605,Tshivenda
4606,Xitsonga
4607,siSwati
4608,Afrikaans
4609,isiXhosa
4610,Sepedi
4611,Afrikaans
4612,Sepedi
4613,Xitsonga
4614,Afrikaans
4615,Afrikaans
4616,isiXhosa
4617, English
4618,Setswana
4619,Setswana
4620,Afrikaans
4621,Tshivenda
4622,isiXhosa
4623,Setswana
4624,Tshivenda
4625,Xitsonga
4626,isizulu
4627,Tshivenda
4628,Afrikaans
4629,Xitsonga
4630,Setswana
4631,Setswana
4632,Setswana
4633, English
4634,Tshivenda
4635,Setswana
4636,isiXhosa
4637,isiXhosa
4638, English
4639,Xitsonga
4640,isiXhosa
4641,Sepedi
4642,Sepedi
4643,Xitsonga
4644,Xitsonga
4645,Sepedi
4646,Sepedi
4647,Sepedi
4648,Xitsonga
4649,Tshivenda
4650,isiNdebele
4651,isizulu
4652,Sesotho
4653,Tshivenda
4654,Afrikaans
4655,Sepedi
4656,Xitsonga
4657,siSwati
4658,siSwati
4659,Xitsonga
4660,isiXhosa
4661,isizulu
4662,isiXhosa
4663,Sepedi
4664,isiXhosa
4665,Afrikaans
4666, English
4667,isizulu
4668,Sepedi
4669,Afrikaans
4670,isiXhosa
4671,isiXhosa
4672,Sepedi
4673,Tshivenda
4674,isiNdebele
4675,isiXhosa
4676,isiXhosa
4677,isiXhosa
4678,isizulu
4679,Sepedi
4680,Xitsonga
4681,isiXhosa
4682,siSwati
4683,isizulu
4684,Tshivenda
4685,isiXhosa
4686,Afrikaans
4687,Sesotho
4688,Setswana
4689,Xitsonga
4690,Xitsonga
4691,isiXhosa
4692,isiNdebele
4693,Sepedi
4694,Setswana
4695,Tshivenda
4696,Sesotho
4697,Sesotho
4698,Setswana
4699,Tshivenda
4700,siSwati
4701,Afrikaans
4702,siSwati
4703,Setswana
4704,isizulu
4705,Xitsonga
4706,isiXhosa
4707,Tshivenda
4708,Sesotho
4709,Setswana
4710,isiNdebele
4711,Afrikaans
4712,isiXhosa
4713,Sepedi
4714,Afrikaans
4715,Afrikaans
4716,isiXhosa
4717,Setswana
4718, English
4719,isiXhosa
4720,isiNdebele
4721,Afrikaans
4722,Sepedi
4723,Setswana
4724,isiXhosa
4725,Sesotho
4726,isiXhosa
4727,isizulu
4728,Setswana
4729,Setswana
4730, English
4731,Sepedi
4732,isiXhosa
4733,Sepedi
4734, English
4735,isiXhosa
4736,isiXhosa
4737,Xitsonga
4738,Setswana
4739,isiNdebele
4740,Xitsonga
4741,Sepedi
4742,Sepedi
4743,Sesotho
4744,isiXhosa
4745,siSwati
4746,Setswana
4747,isiXhosa
4748,Sepedi
4749,Afrikaans
4750,isiXhosa
4751,Afrikaans
4752,isizulu
4753,Sesotho
4754,Sepedi
4755,Sepedi
4756,Afrikaans
4757,Sepedi
4758,Setswana
4759,isizulu
4760,Sesotho
4761,Sepedi
4762,Setswana
4763,Setswana
4764,Setswana
4765,Setswana
4766,Sepedi
4767,Sesotho
4768,Tshivenda
4769,Sesotho
4770,Tshivenda
4771, English
4772,isiXhosa
4773,Sesotho
4774,siSwati
4775, English
4776,Sepedi
4777,Sepedi
4778,Sesotho
4779,isiNdebele
4780,isiNdebele
4781,Sepedi
4782,Tshivenda
4783,Xitsonga
4784,Afrikaans
4785,Afrikaans
4786,Xitsonga
4787,isiXhosa
4788,Tshivenda
4789,Afrikaans
4790,Sepedi
4791,isizulu
4792,Afrikaans
4793,isiNdebele
4794,Afrikaans
4795,Sepedi
4796,Tshivenda
4797,Tshivenda
4798,Xitsonga
4799,Sepedi
4800,Afrikaans
4801,isiXhosa
4802,Sepedi
4803,Setswana
4804, English
4805,isizulu
4806, English
4807,Tshivenda
4808,Sepedi
4809, English
4810,Afrikaans
4811, English
4812,isiXhosa
4813,isiXhosa
4814,isiNdebele
4815,Sepedi
4816,Xitsonga
4817,Tshivenda
4818,Xitsonga
4819,Setswana
4820,isiXhosa
4821,isiNdebele
4822,Sepedi
4823,Sepedi
4824,Sesotho
4825,Sesotho
4826,Afrikaans
4827,Afrikaans
4828,isiNdebele
4829,Sepedi
4830,siSwati
4831,Sesotho
4832,Tshivenda
4833, English
4834,siSwati
4835,Sesotho
4836,isizulu
4837,Setswana
4838,Sesotho
4839,isiNdebele
4840,isiXhosa
4841,Setswana
4842,Setswana
4843,isizulu
4844,isiXhosa
4845,isiXhosa
4846,Tshivenda
4847,Xitsonga
4848,Afrikaans
4849,Xitsonga
4850,isiXhosa
4851,Afrikaans
4852,Sesotho
4853,Sesotho
4854,isiNdebele
4855,Sepedi
4856,isiXhosa
4857,Sepedi
4858,isizulu
4859,Tshivenda
4860,Afrikaans
4861,Afrikaans
4862,Afrikaans
4863,siSwati
4864,Sepedi
4865,Sesotho
4866,isiXhosa
4867,Sepedi
4868,siSwati
4869,isiXhosa
4870,Afrikaans
4871,siSwati
4872,Sesotho
4873,Tshivenda
4874,isiXhosa
4875,Tshivenda
4876,isizulu
4877,isizulu
4878,Tshivenda
4879,isiNdebele
4880,Setswana
4881,isiXhosa
4882,Afrikaans
4883,Tshivenda
4884,isiNdebele
4885,Sesotho
4886,Xitsonga
4887,siSwati
4888,Sepedi
4889,isiXhosa
4890,siSwati
4891,isizulu
4892, English
4893,Sepedi
4894,Tshivenda
4895,isizulu
4896,Afrikaans
4897,isiNdebele
4898,isizulu
4899,Sepedi
4900,Xitsonga
4901, English
4902,Setswana
4903,isiXhosa
4904,Afrikaans
4905,isizulu
4906,Xitsonga
4907,isiXhosa
4908,Sesotho
4909,Sepedi
4910,Setswana
4911,Sesotho
4912,Sesotho
4913,Sepedi
4914,Sepedi
4915,Sepedi
4916,isizulu
4917,Setswana
4918,Sepedi
4919,isiNdebele
4920,Sepedi
4921,Afrikaans
4922,isiNdebele
4923,Xitsonga
4924,Xitsonga
4925,Afrikaans
4926,Afrikaans
4927,Tshivenda
4928,Tshivenda
4929,Tshivenda
4930,siSwati
4931,isiNdebele
4932,isizulu
4933,Tshivenda
4934,Sepedi
4935,Tshivenda
4936, English
4937,siSwati
4938,Setswana
4939,siSwati
4940,Sepedi
4941,Tshivenda
4942,Sepedi
4943,siSwati
4944, English
4945,isiXhosa
4946,Xitsonga
4947,Setswana
4948,Xitsonga
4949,Afrikaans
4950,isiXhosa
4951, English
4952,Afrikaans
4953,Sepedi
4954,siSwati
4955,Sepedi
4956,Xitsonga
4957,Sepedi
4958,Setswana
4959,isiXhosa
4960, English
4961,Sepedi
4962,siSwati
4963,Sepedi
4964,Afrikaans
4965,Sesotho
4966,Setswana
4967,isiNdebele
4968,isizulu
4969,Sesotho
4970,Sepedi
4971,Sepedi
4972,Sepedi
4973,siSwati
4974, English
4975,Afrikaans
4976,Xitsonga
4977,Xitsonga
4978,Tshivenda
4979,Setswana
4980,isizulu
4981, English
4982,Afrikaans
4983,Xitsonga
4984,Setswana
4985,Afrikaans
4986,Sepedi
4987,Tshivenda
4988,Afrikaans
4989,Tshivenda
4990,Afrikaans
4991,Sepedi
4992,Sepedi
4993,isiXhosa
4994,Setswana
4995,Afrikaans
4996,Setswana
4997,Sepedi
4998,Setswana
4999,Afrikaans
5000, English
5001,Sesotho
5002,Tshivenda
5003,Setswana
5004,Sesotho
5005,Afrikaans
5006,Sesotho
5007,siSwati
5008,Afrikaans
5009,Tshivenda
5010,Tshivenda
5011,isiXhosa
5012,Sesotho
5013,Tshivenda
5014,Sepedi
5015,Xitsonga
5016,Sesotho
5017,isizulu
5018,siSwati
5019,isiXhosa
5020,Sepedi
5021,isiXhosa
5022,isizulu
5023,Xitsonga
5024,isizulu
5025,Xitsonga
5026,isizulu
5027,Sepedi
5028, English
5029,isiXhosa
5030,Sesotho
5031,Tshivenda
5032,Sesotho
5033,Afrikaans
5034,Afrikaans
5035,isiNdebele
5036,isiXhosa
5037,isiXhosa
5038, English
5039,siSwati
5040,Xitsonga
5041,siSwati
5042,Afrikaans
5043,Sesotho
5044,Afrikaans
5045,Sepedi
5046,siSwati
5047,siSwati
5048,Setswana
5049, English
5050,Sesotho
5051,isiNdebele
5052,Sesotho
5053,Sesotho
5054,Xitsonga
5055,Tshivenda
5056,isizulu
5057,Afrikaans
5058,isiXhosa
5059,isizulu
5060,Afrikaans
5061,Sesotho
5062,isizulu
5063,Setswana
5064,isizulu
5065,isiNdebele
5066,Tshivenda
5067,Sesotho
5068,siSwati
5069,Setswana
5070,Sepedi
5071,Afrikaans
5072,isizulu
5073,Tshivenda
5074,siSwati
5075,Sepedi
5076,Afrikaans
5077, English
5078,Afrikaans
5079,Tshivenda
5080,isizulu
5081,isizulu
5082,isiNdebele
5083,siSwati
5084,Tshivenda
5085,Xitsonga
5086,Setswana
5087,Sesotho
5088,isiXhosa
5089,isiNdebele
5090,Tshivenda
5091,isiXhosa
5092,Afrikaans
5093,siSwati
5094,Sesotho
5095,Afrikaans
5096, English
5097,Tshivenda
5098,Tshivenda
5099,Afrikaans
5100,Setswana
5101,Afrikaans
5102,Setswana
5103,Setswana
5104,Setswana
5105,Afrikaans
5106,Sesotho
5107,Sesotho
5108,Tshivenda
5109,Sepedi
5110,Sepedi
5111,isiNdebele
5112,Sepedi
5113,Sesotho
5114,Afrikaans
5115,isiNdebele
5116,Sesotho
5117,isiXhosa
5118,Sepedi
5119,Afrikaans
5120,Sesotho
5121,Tshivenda
5122,siSwati
5123,Sesotho
5124,Sepedi
5125,Afrikaans
5126,Afrikaans
5127,isizulu
5128,siSwati
5129,Tshivenda
5130,isiXhosa
5131,Afrikaans
5132,Sesotho
5133,siSwati
5134,Xitsonga
5135,isiNdebele
5136,Setswana
5137,Setswana
5138,Setswana
5139,isiXhosa
5140,Xitsonga
5141,siSwati
5142,isiXhosa
5143, English
5144,Setswana
5145,Xitsonga
5146,Afrikaans
5147,Sepedi
5148,Tshivenda
5149,isiXhosa
5150,Setswana
5151,Afrikaans
5152,Sepedi
5153,Sepedi
5154,Xitsonga
5155,isiNdebele
5156,Sesotho
5157,Sesotho
5158,siSwati
5159, English
5160,siSwati
5161,Sepedi
5162,Setswana
5163,Sesotho
5164,Tshivenda
5165,Afrikaans
5166,Sepedi
5167,Xitsonga
5168,isiXhosa
5169,Sepedi
5170,Setswana
5171,Sepedi
5172,isizulu
5173,isiNdebele
5174,isizulu
5175,Afrikaans
5176,Xitsonga
5177,Sesotho
5178,Tshivenda
5179,Sesotho
5180,isiNdebele
5181,Xitsonga
5182,Afrikaans
5183,Afrikaans
5184,Sesotho
5185,Sesotho
5186,Sesotho
5187,Sesotho
5188,Sepedi
5189,isizulu
5190,Sepedi
5191,isizulu
5192,siSwati
5193,isiXhosa
5194,isiXhosa
5195,isizulu
5196,Tshivenda
5197, English
5198,isiNdebele
5199,Sesotho
5200,Tshivenda
5201,isiNdebele
5202,Sepedi
5203,isiNdebele
5204,Afrikaans
5205,Afrikaans
5206,Afrikaans
5207,Setswana
5208,isiNdebele
5209,Xitsonga
5210,Tshivenda
5211,Sepedi
5212,Xitsonga
5213,Tshivenda
5214,Sesotho
5215,Sepedi
5216,isiXhosa
5217,Afrikaans
5218,Afrikaans
5219,Tshivenda
5220,isizulu
5221,isiXhosa
5222,Setswana
5223,Tshivenda
5224,Xitsonga
5225,isiNdebele
5226,Afrikaans
5227,Sepedi
5228,Sepedi
5229,isiXhosa
5230,Afrikaans
5231,Xitsonga
5232,Sesotho
5233,Sesotho
5234,Xitsonga
5235,Sepedi
5236,Setswana
5237,Sesotho
5238,Tshivenda
5239,Sepedi
5240,Afrikaans
5241,Sepedi
5242,Tshivenda
5243,Setswana
5244,Xitsonga
5245,isiNdebele
5246,Sepedi
5247,isiXhosa
5248,Sepedi
5249,isiXhosa
5250,siSwati
5251,siSwati
5252, English
5253,Afrikaans
5254,Setswana
5255,Tshivenda
5256,isiNdebele
5257,Sesotho
5258,Sepedi
5259,isizulu
5260,Sepedi
5261,Afrikaans
5262, English
5263,Setswana
5264,Xitsonga
5265,Sepedi
5266,Setswana
5267,Tshivenda
5268,Tshivenda
5269,Setswana
5270,Tshivenda
5271,Sesotho
5272, English
5273,siSwati
5274,Sepedi
5275,Xitsonga
5276,Setswana
5277,Afrikaans
5278,Tshivenda
5279,Sesotho
5280,Afrikaans
5281,isiNdebele
5282,siSwati
5283,isiNdebele
5284,Sepedi
5285,Setswana
5286,Sesotho
5287,Setswana
5288,Sepedi
5289,Xitsonga
5290,Sepedi
5291,isiXhosa
5292,Sesotho
5293, English
5294,Tshivenda
5295,isiXhosa
5296,Setswana
5297,Xitsonga
5298,Sepedi
5299,Afrikaans
5300, English
5301,siSwati
5302,siSwati
5303,siSwati
5304,Afrikaans
5305,isiXhosa
5306,Afrikaans
5307,Afrikaans
5308,Sepedi
5309,Sepedi
5310,Sesotho
5311,isiXhosa
5312,Xitsonga
5313,isiXhosa
5314,isiNdebele
5315,isizulu
5316,Afrikaans
5317,isiXhosa
5318,Sesotho
5319,Sesotho
5320,Tshivenda
5321,isiXhosa
5322, English
5323, English
5324,Afrikaans
5325,Tshivenda
5326,Setswana
5327,Afrikaans
5328,Setswana
5329,Tshivenda
5330,isiXhosa
5331,isiNdebele
5332,Setswana
5333,isiXhosa
5334,isiNdebele
5335,Sesotho
5336,Sepedi
5337,Afrikaans
5338,Tshivenda
5339,isiXhosa
5340, English
5341, English
5342,isiXhosa
5343,Tshivenda
5344,Sesotho
5345,Tshivenda
5346,siSwati
5347,Afrikaans
5348,isiXhosa
5349,Tshivenda
5350,Tshivenda
5351,isiXhosa
5352,Sesotho
5353,Sesotho
5354,siSwati
5355,Sepedi
5356,isiXhosa
5357,isiNdebele
5358,isizulu
5359,Afrikaans
5360,Afrikaans
5361,Sepedi
5362,isiXhosa
5363,siSwati
5364,Sepedi
5365,isiNdebele
5366,Sesotho
5367,isizulu
5368,Tshivenda
5369,Sepedi
5370,Afrikaans
5371,Tshivenda
5372,Afrikaans
5373,Xitsonga
5374,Tshivenda
5375,Setswana
5376,Sepedi
5377,isiXhosa
5378,Xitsonga
5379, English
5380,Sesotho
5381,Sepedi
5382,Setswana
5383, English
5384,Tshivenda
5385,isiNdebele
5386,Sepedi
5387,Afrikaans
5388,Setswana
5389,siSwati
5390,Tshivenda
5391,Xitsonga
5392,Sesotho
5393,Sesotho
5394,Setswana
5395,Sesotho
5396,Xitsonga
5397,Sepedi
5398,Tshivenda
5399,Setswana
5400,Sesotho
5401,Tshivenda
5402,Sesotho
5403,Sepedi
5404,Setswana
5405,Afrikaans
5406,isiNdebele
5407,Tshivenda
5408,isiXhosa
5409,Setswana
5410,isiXhosa
5411,Sesotho
5412, English
5413,Tshivenda
5414,Setswana
5415,Tshivenda
5416,Tshivenda
5417,siSwati
5418,siSwati
5419,Afrikaans
5420, English
5421,Sepedi
5422,Sepedi
5423,Setswana
5424,Setswana
5425,Sesotho
5426,Afrikaans
5427,Setswana
5428,Xitsonga
5429,Sepedi
5430,Sepedi
5431,Xitsonga
5432,Xitsonga
5433,Sepedi
5434,isizulu
5435,Afrikaans
5436,Afrikaans
5437, English
5438,isiXhosa
5439,Tshivenda
5440,isizulu
5441,Sesotho
5442,Tshivenda
5443,siSwati
5444,siSwati
5445,Sesotho
5446,Afrikaans
5447,Afrikaans
5448,Sesotho
5449,Setswana
5450,Xitsonga
5451,siSwati
5452,Xitsonga
5453,isizulu
5454,Sepedi
5455,Setswana
5456,Afrikaans
5457,Xitsonga
5458,Tshivenda
5459,Setswana
5460,Setswana
5461,Afrikaans
5462,Tshivenda
5463,Sepedi
5464,isiXhosa
5465,Xitsonga
5466,Tshivenda
5467,Sepedi
5468,isiXhosa
5469,Tshivenda
5470,Sesotho
5471,Setswana
5472,Tshivenda
5473,Setswana
5474,Sepedi
5475,Sesotho
5476,isizulu
5477,isiXhosa
5478,Setswana
5479,Xitsonga
5480,Sepedi
5481,Sepedi
5482,Sepedi
5483,Sesotho
5484,Afrikaans
5485, English
5486,isizulu
5487,siSwati
5488,Xitsonga
5489, English
5490,Setswana
5491,isiNdebele
5492,Sesotho
5493,Setswana
5494,Tshivenda
5495,Sepedi
5496,Tshivenda
5497,Setswana
5498,Tshivenda
5499,Xitsonga
5500,Setswana
5501,Sesotho
5502,Sesotho
5503,Setswana
5504, English
5505,Afrikaans
5506,Setswana
5507,Setswana
5508,Sepedi
5509,Afrikaans
5510,Sesotho
5511,Afrikaans
5512, English
5513,Sepedi
5514,Sepedi
5515,isizulu
5516,siSwati
5517,Sepedi
5518,isiXhosa
5519,Afrikaans
5520,Tshivenda
5521,Setswana
5522,isizulu
5523,isiXhosa
5524,siSwati
5525,Afrikaans
5526,Tshivenda
5527,Sepedi
5528,Tshivenda
5529,Sesotho
5530,isiXhosa
5531,Sesotho
5532,Sepedi
5533,Setswana
5534,isiNdebele
5535,Afrikaans
5536,isiXhosa
5537,Tshivenda
5538,Sesotho
5539,Xitsonga
5540,isiNdebele
5541,Tshivenda
5542,Afrikaans
5543,isiXhosa
5544,Setswana
5545,Sepedi
5546,Tshivenda
5547,Sesotho
5548,isiXhosa
5549,isiXhosa
5550,Afrikaans
5551,Sepedi
5552,Sepedi
5553,Afrikaans
5554,siSwati
5555,Tshivenda
5556,isiXhosa
5557,Setswana
5558,Sesotho
5559,isiNdebele
5560,Sesotho
5561,Setswana
5562,Sepedi
5563,Sepedi
5564,Afrikaans
5565,Afrikaans
5566,Sepedi
5567,Sepedi
5568,Xitsonga
5569,isiXhosa
5570,Tshivenda
5571,Xitsonga
5572,Tshivenda
5573,Tshivenda
5574,Sesotho
5575,Sepedi
5576,Tshivenda
5577,Xitsonga
5578, English
5579,Tshivenda
5580,Sesotho
5581,Setswana
5582,siSwati
5583,Tshivenda
5584,isizulu
5585,isizulu
5586,Sesotho
5587,isiNdebele
5588,siSwati
5589,Sepedi
5590,Xitsonga
5591,Setswana
5592,Sepedi
5593,Setswana
5594,Setswana
5595,Setswana
5596,Afrikaans
5597,Setswana
5598,isiNdebele
5599,Sepedi
5600,isiXhosa
5601,Afrikaans
5602,Sepedi
5603,Xitsonga
5604,Sesotho
5605,Tshivenda
5606,isizulu
5607,Setswana
5608,Sesotho
5609,isiXhosa
5610,Sepedi
5611,Afrikaans
5612,Setswana
5613,Afrikaans
5614,Sepedi
5615,isizulu
5616,siSwati
5617,Tshivenda
5618,Xitsonga
5619,Tshivenda
5620,Afrikaans
5621,Setswana
5622,Afrikaans
5623,siSwati
5624,Setswana
5625,Setswana
5626,isiXhosa
5627,Afrikaans
5628,Setswana
5629,Afrikaans
5630,Setswana
5631,Sesotho
5632,siSwati
5633,Sepedi
5634,isiXhosa
5635,Xitsonga
5636,isizulu
5637,isizulu
5638,siSwati
5639,isizulu
5640,Setswana
5641,Setswana
5642,Sepedi
5643,isiXhosa
5644,Xitsonga
5645,Afrikaans
5646,Xitsonga
5647,Setswana
5648,siSwati
5649,Sepedi
5650,Xitsonga
5651,Setswana
5652,Setswana
5653,isiNdebele
5654,Sesotho
5655,Sepedi
5656,Sepedi
5657,Tshivenda
5658,Sepedi
5659,isizulu
5660,Tshivenda
5661,Tshivenda
5662,isiXhosa
5663,siSwati
5664,Afrikaans
5665,Tshivenda
5666,Afrikaans
5667,siSwati
5668,isiXhosa
5669,isiNdebele
5670,isiNdebele
5671, English
5672,Sesotho
5673,Afrikaans
5674,Tshivenda
5675,Sepedi
5676,Tshivenda
5677,Sepedi
5678, English
5679,Sepedi
5680,Sesotho
5681,Sesotho
5682,isiNdebele
